ts,open,high,low,close,volume
1767225600000,2970.57,2988.54,2970.25,2979.42,52828.18
1767240000000,2979.42,2983.34,2972.12,2977.46,42396.19
1767254400000,2977.46,2993.08,2976.87,2988.31,45766.26
1767268800000,2988.31,2994.68,2975.9,2988.9,67588.79
1767283200000,2988.9,3005.54,2979.11,2994.31,112134.87
1767297600000,2994.31,3008.73,2985.55,3002.79,78770.95
1767312000000,3002.79,3034.66,2990.03,3021.49,147313.26
1767326400000,3021.49,3038.47,3006.77,3016.91,110643.63
1767340800000,3016.91,3069.61,3013.95,3046.18,228644.83
1767355200000,3046.18,3108.54,3018.76,3084.98,438446.25
1767369600000,3084.98,3150.0,3076.95,3122.6,442628.22
1767384000000,3122.6,3145.2,3109.65,3123.67,91919.21
1767398400000,3123.67,3135.44,3117.1,3123.86,57315.24
1767412800000,3123.86,3126.65,3073.0,3089.08,174212.61
1767427200000,3089.08,3109.0,3082.04,3096.75,101366.74
1767441600000,3096.75,3112.98,3091.78,3099.28,89569.11
1767456000000,3099.28,3117.45,3095.93,3111.68,49308.83
1767470400000,3111.68,3129.95,3105.38,3125.42,58567.85
1767484800000,3125.42,3165.39,3124.44,3145.82,155939.23
1767499200000,3145.82,3162.4,3132.83,3139.79,108778.18
1767513600000,3139.79,3147.64,3124.6,3138.21,108359.72
1767528000000,3138.21,3145.83,3116.0,3133.77,97077.29
1767542400000,3133.77,3142.82,3117.14,3131.45,82808.44
1767556800000,3131.45,3154.0,3128.77,3143.19,103215.07
1767571200000,3143.19,3221.3,3141.12,3184.48,348139.94
1767585600000,3184.48,3186.93,3132.0,3155.75,192986.05
1767600000000,3155.75,3182.48,3151.13,3178.89,143408.46
1767614400000,3178.89,3205.0,3132.99,3194.54,379975.08
1767628800000,3194.54,3229.28,3157.36,3221.83,356597.07
1767643200000,3221.83,3265.0,3218.5,3224.01,221369.58
1767657600000,3224.01,3246.99,3201.53,3223.84,140190.74
1767672000000,3223.84,3253.6,3209.46,3217.56,144973.65
1767686400000,3217.56,3241.85,3212.48,3236.47,86508.63
1767700800000,3236.47,3308.0,3227.57,3270.62,445029.85
1767715200000,3270.62,3277.84,3181.09,3222.0,399726.84
1767729600000,3222.0,3302.47,3221.54,3295.88,253339.21
1767744000000,3295.88,3295.95,3237.42,3265.32,185131.67
1767758400000,3265.32,3270.74,3245.3,3253.73,82388.98
1767772800000,3253.73,3262.24,3193.31,3218.97,273515.39
1767787200000,3218.97,3227.61,3142.58,3163.31,439587.24
1767801600000,3163.31,3178.44,3123.41,3143.83,243561.04
1767816000000,3143.83,3180.77,3126.17,3167.3,143270.34
1767830400000,3167.3,3183.35,3130.29,3140.86,152862.02
1767844800000,3140.86,3160.26,3088.15,3125.89,290568.78
1767859200000,3125.89,3136.28,3095.0,3119.4,185758.58
1767873600000,3119.4,3119.87,3052.37,3102.94,439864.35
1767888000000,3102.94,3137.89,3088.21,3109.85,228796.87
1767902400000,3109.85,3129.44,3087.31,3105.48,108841.96
1767916800000,3105.48,3147.0,3078.5,3118.2,185711.08
1767931200000,3118.2,3124.49,3108.51,3109.11,73710.55
1767945600000,3109.11,3113.81,3064.88,3088.59,183325.64
1767960000000,3088.59,3141.99,3055.31,3110.69,418074.02
1767974400000,3110.69,3144.5,3067.0,3078.49,278176.49
1767988800000,3078.49,3092.19,3063.34,3086.99,89947.11
1768003200000,3086.99,3093.75,3078.73,3085.28,33427.79
1768017600000,3085.28,3092.13,3077.25,3091.66,29704.81
1768032000000,3091.66,3102.87,3086.0,3095.67,49474.23
1768046400000,3095.67,3102.13,3086.98,3094.32,40118.01
1768060800000,3094.32,3098.21,3089.0,3090.97,23244.04
1768075200000,3090.97,3093.32,3077.01,3085.62,39502.42
1768089600000,3085.62,3096.39,3083.01,3095.8,29486.39
1768104000000,3095.8,3101.32,3088.3,3093.9,30403.78
1768118400000,3093.9,3109.29,3091.33,3104.0,42149.5
1768132800000,3104.0,3129.77,3103.35,3116.87,93892.7
1768147200000,3116.87,3146.5,3114.52,3123.11,118602.57
1768161600000,3123.11,3124.8,3090.8,3121.62,133752.51
1768176000000,3121.62,3170.72,3095.36,3150.94,249063.41
1768190400000,3150.94,3165.77,3131.45,3133.66,108471.84
1768204800000,3133.66,3146.28,3098.8,3113.95,243034.05
1768219200000,3113.95,3133.94,3063.39,3128.85,382244.04
1768233600000,3128.85,3145.79,3082.49,3119.62,275896.44
1768248000000,3119.62,3126.69,3081.75,3093.53,125755.44
1768262400000,3093.53,3118.0,3090.01,3114.88,98878.31
1768276800000,3114.88,3145.98,3111.01,3120.7,151046.5
1768291200000,3120.7,3148.0,3120.7,3132.86,111020.1
1768305600000,3132.86,3187.87,3128.01,3183.07,417476.67
1768320000000,3183.07,3217.67,3169.64,3214.72,295148.71
1768334400000,3214.72,3383.0,3188.75,3324.22,527770.41
1768348800000,3324.22,3357.32,3314.0,3351.45,189000.34
1768363200000,3351.45,3367.52,3320.59,3335.2,144559.21
1768377600000,3335.2,3342.42,3280.08,3284.44,149723.11
1768392000000,3284.44,3362.41,3277.57,3344.41,388294.69
1768406400000,3344.41,3402.71,3313.95,3366.22,471554.96
1768420800000,3366.22,3391.92,3345.42,3353.07,168966.45
1768435200000,3353.07,3353.86,3273.85,3284.4,222828.07
1768449600000,3284.4,3334.69,3282.51,3328.95,117371.22
1768464000000,3328.95,3377.43,3318.64,3348.15,180721.96
1768478400000,3348.15,3383.42,3283.5,3329.2,463047.4
1768492800000,3329.2,3336.0,3270.54,3294.33,289742.9
1768507200000,3294.33,3322.85,3274.77,3317.54,123921.25
1768521600000,3317.54,3326.73,3290.01,3293.86,86077.7
1768536000000,3293.86,3316.21,3275.33,3308.35,122996.34
1768550400000,3308.35,3319.22,3291.13,3300.34,79049.58
1768564800000,3300.34,3318.0,3250.44,3262.43,262174.74
1768579200000,3262.43,3287.44,3257.48,3275.19,148939.83
1768593600000,3275.19,3298.91,3262.28,3294.65,109636.68
1768608000000,3294.65,3295.9,3282.03,3287.81,30421.32
1768622400000,3287.81,3292.81,3284.44,3289.62,24127.83
1768636800000,3289.62,3303.99,3286.52,3301.32,57804.52
1768651200000,3301.32,3329.23,3297.66,3328.1,105459.79
1768665600000,3328.1,3329.08,3310.33,3315.05,81628.96
1768680000000,3315.05,3318.98,3295.12,3308.54,50512.97
1768694400000,3308.54,3318.28,3294.21,3315.12,66958.03
1768708800000,3315.12,3317.21,3303.61,3305.88,48838.28
1768723200000,3305.88,3324.89,3301.47,3320.94,59551.64
1768737600000,3320.94,3346.68,3312.53,3332.5,131014.06
1768752000000,3332.5,3368.67,3328.11,3345.27,123729.85
1768766400000,3345.27,3355.0,3276.5,3282.26,218769.1
1768780800000,3282.26,3282.8,3173.07,3210.36,525742.15
1768795200000,3210.36,3215.79,3185.77,3205.17,122960.35
1768809600000,3205.17,3229.76,3192.25,3222.13,112673.5
1768824000000,3222.13,3235.71,3199.68,3214.19,88885.28
1768838400000,3214.19,3226.15,3206.62,3218.31,57236.1
1768852800000,3218.31,3224.32,3163.24,3187.6,143063.37
1768867200000,3187.6,3199.4,3173.11,3187.27,109154.98
1768881600000,3187.27,3188.32,3107.09,3121.21,314042.96
1768896000000,3121.21,3121.82,3083.74,3107.85,198268.48
1768910400000,3107.85,3113.71,2993.32,3031.1,530073.86
1768924800000,3031.1,3041.39,2977.68,2995.03,249933.74
1768939200000,2995.03,3006.66,2906.2,2938.74,311577.3
1768953600000,2938.74,2982.99,2919.72,2980.1,158079.74
1768968000000,2980.1,3000.84,2963.92,2969.1,107539.96
1768982400000,2969.1,2973.91,2936.24,2941.94,125593.29
1768996800000,2941.94,3026.11,2900.83,3001.49,541760.09
1769011200000,3001.49,3069.67,2864.33,3054.89,791030.12
1769025600000,3054.89,3057.0,2970.66,2980.99,277729.58
1769040000000,2980.99,3037.78,2979.26,3012.26,145174.36
1769054400000,3012.26,3026.64,2998.5,2999.46,69396.15
1769068800000,2999.46,3015.0,2976.3,2984.84,124266.68
1769083200000,2984.84,3009.33,2903.66,2940.01,451932.37
1769097600000,2940.01,2971.69,2921.87,2952.08,219154.23
1769112000000,2952.08,2958.05,2928.56,2950.91,100584.67
1769126400000,2950.91,2971.12,2944.37,2963.11,57519.11
1769140800000,2963.11,2984.03,2933.2,2946.19,144300.01
1769155200000,2946.19,2949.29,2913.92,2939.46,126712.09
1769169600000,2939.46,2964.54,2890.1,2950.96,262168.05
1769184000000,2950.96,3019.12,2937.16,2958.27,390123.55
1769198400000,2958.27,2962.63,2927.55,2954.77,96643.07
1769212800000,2954.77,2968.67,2948.0,2960.8,38331.79
1769227200000,2960.8,2965.0,2951.95,2955.78,33621.37
1769241600000,2955.78,2963.41,2952.54,2959.51,23048.45
1769256000000,2959.51,2966.8,2941.95,2955.42,72463.08
1769270400000,2955.42,2967.0,2949.91,2952.5,34672.38
1769284800000,2952.5,2963.48,2947.21,2952.0,32002.45
1769299200000,2952.0,2959.0,2935.18,2941.28,40694.1
1769313600000,2941.28,2949.3,2933.23,2938.07,41190.85
1769328000000,2938.07,2947.66,2919.02,2936.19,86567.45
1769342400000,2936.19,2944.44,2920.53,2925.49,68033.15
1769356800000,2925.49,2926.28,2794.01,2811.11,521048.97
1769371200000,2811.11,2823.93,2785.0,2815.61,242658.59
1769385600000,2815.61,2897.5,2811.02,2850.0,241523.03
1769400000000,2850.0,2910.0,2848.77,2903.08,123384.31
1769414400000,2903.08,2933.57,2879.35,2891.33,163786.02
1769428800000,2891.33,2951.63,2872.93,2898.02,402411.58
1769443200000,2898.02,2935.94,2883.89,2922.0,209203.8
1769457600000,2922.0,2944.8,2892.72,2928.91,156849.69
1769472000000,2928.91,2947.77,2911.0,2939.73,75309.09
1769486400000,2939.73,2956.03,2923.04,2927.68,69129.25
1769500800000,2927.68,2931.49,2898.0,2915.51,92687.3
1769515200000,2915.51,2942.54,2903.93,2936.21,169981.29
1769529600000,2936.21,2997.99,2915.69,2979.23,460434.62
1769544000000,2979.23,3033.76,2977.21,3024.65,239625.06
1769558400000,3024.65,3028.95,2995.34,3003.64,85077.05
1769572800000,3003.64,3017.25,2991.46,3003.91,83334.69
1769587200000,3003.91,3045.0,2985.0,3038.65,195806.28
1769601600000,3038.65,3045.81,2981.08,3006.12,224485.87
1769616000000,3006.12,3030.83,2987.37,3015.29,209169.31
1769630400000,3015.29,3036.98,2995.0,3008.94,111800.43
1769644800000,3008.94,3011.86,2943.0,2951.19,211201.58
1769659200000,2951.19,2965.2,2935.72,2959.99,91416.89
1769673600000,2959.99,2968.58,2921.7,2928.19,145250.19
1769688000000,2928.19,2938.0,2794.21,2822.64,528480.18
1769702400000,2822.64,2859.78,2752.05,2796.19,620751.8
1769716800000,2796.19,2826.09,2787.5,2820.8,119049.05
1769731200000,2820.8,2827.22,2678.13,2739.39,473986.31
1769745600000,2739.39,2773.7,2694.0,2738.32,240607.69
1769760000000,2738.32,2768.95,2708.11,2758.36,171193.88
1769774400000,2758.36,2765.0,2690.67,2727.32,355028.69
1769788800000,2727.32,2759.9,2634.84,2741.05,558863.34
1769803200000,2741.05,2741.68,2663.0,2705.65,284024.91
1769817600000,2705.65,2713.35,2682.65,2694.17,74516.07
1769832000000,2694.17,2703.75,2664.51,2679.02,88333.32
1769846400000,2679.02,2682.03,2607.12,2639.1,244632.63
1769860800000,2639.1,2643.15,2496.11,2532.31,616745.03
1769875200000,2532.31,2549.26,2237.52,2381.41,1517676.69
1769889600000,2381.41,2473.0,2352.65,2450.64,375218.89
1769904000000,2450.64,2475.0,2426.34,2444.12,140581.0
1769918400000,2444.12,2453.98,2391.59,2410.12,174147.3
1769932800000,2410.12,2438.5,2374.61,2410.71,241593.0
1769947200000,2410.71,2411.3,2285.26,2314.62,556361.16
1769961600000,2314.62,2381.18,2282.73,2319.59,399041.98
1769976000000,2319.59,2349.11,2218.5,2269.19,597795.09
1769990400000,2269.19,2323.33,2163.12,2237.82,720920.77
1770004800000,2237.82,2267.97,2156.75,2227.05,604000.0
1770019200000,2227.05,2318.75,2227.05,2281.19,397050.84
1770033600000,2281.19,2395.65,2281.0,2370.61,625613.81
1770048000000,2370.61,2385.66,2325.96,2329.56,262893.49
1770062400000,2329.56,2354.51,2311.2,2345.52,149838.43
1770076800000,2345.52,2358.5,2283.57,2342.59,237739.3
1770091200000,2342.59,2354.0,2297.07,2322.01,172045.07
1770105600000,2322.01,2331.89,2261.0,2275.39,318377.35
1770120000000,2275.39,2316.12,2250.68,2302.3,449131.27
1770134400000,2302.3,2302.66,2104.52,2204.09,1186014.14
1770148800000,2204.09,2343.53,2186.67,2232.45,694922.22
1770163200000,2232.45,2294.96,2222.1,2282.31,252306.05
1770177600000,2282.31,2293.34,2255.16,2283.05,152125.69
1770192000000,2283.05,2285.2,2225.4,2253.75,215581.54
1770206400000,2253.75,2263.5,2134.64,2150.61,636525.44
1770220800000,2150.61,2193.45,2075.0,2187.3,1049635.32
1770235200000,2187.3,2191.84,2085.04,2146.9,447365.96
1770249600000,2146.9,2174.98,2096.96,2108.85,359896.78
1770264000000,2108.85,2126.87,2064.1,2090.4,547430.44
1770278400000,2090.4,2149.99,2058.8,2078.86,447222.39
1770292800000,2078.86,2107.7,1924.89,1959.55,1142414.8
1770307200000,1959.55,2017.34,1911.55,1927.49,777746.42
1770321600000,1927.49,1941.75,1814.22,1825.47,1052178.52
1770336000000,1825.47,1947.3,1740.29,1891.16,1184542.27
1770350400000,1891.16,1974.98,1884.97,1898.27,369294.06
1770364800000,1898.27,1943.58,1864.5,1931.93,377278.13
1770379200000,1931.93,2002.45,1913.61,1979.45,490277.31
1770393600000,1979.45,2089.56,1965.89,2064.75,636162.12
1770408000000,2064.75,2094.84,2040.85,2062.25,313437.21
1770422400000,2062.25,2086.51,2031.24,2079.5,182799.69
1770436800000,2079.5,2118.53,1993.37,2025.97,480001.05
1770451200000,2025.97,2031.66,1998.49,2017.4,198020.04
1770465600000,2017.4,2076.34,2007.58,2051.29,394357.15
1770480000000,2051.29,2158.54,1969.35,2089.83,9317761.65
1770494400000,2089.83,2116.93,2071.0,2085.95,143184.24
1770508800000,2085.95,2106.69,2075.1,2077.55,99835.14
1770523200000,2077.55,2087.82,2063.0,2083.49,110710.29
1770537600000,2083.49,2137.64,2076.69,2131.06,281408.57
1770552000000,2131.06,2144.35,2096.03,2107.09,227652.49
1770566400000,2107.09,2129.49,2071.06,2125.71,188380.09
1770580800000,2125.71,2152.22,2070.35,2088.48,277507.54
1770595200000,2088.48,2102.7,2053.44,2098.99,252456.11
1770609600000,2098.99,2100.96,2062.91,2064.64,112417.16
1770624000000,2064.64,2069.53,2012.01,2027.28,271059.03
1770638400000,2027.28,2072.95,2007.39,2060.41,343504.03
1770652800000,2060.41,2142.65,2046.24,2130.6,372176.91
1770667200000,2130.6,2147.18,2087.52,2103.88,195588.93
1770681600000,2103.88,2123.82,2051.0,2063.83,207542.25
1770696000000,2063.83,2073.77,1996.86,2006.59,336743.64
1770710400000,2006.59,2031.0,1994.01,2001.89,217109.15
1770724800000,2001.89,2039.31,1985.0,2021.75,358638.37
1770739200000,2021.75,2046.0,1994.28,2017.0,218368.88
1770753600000,2017.0,2022.17,1995.7,2021.64,94531.92
1770768000000,2021.64,2031.97,1996.15,2008.27,105354.88
1770782400000,2008.27,2010.0,1937.45,1949.41,347996.49
1770796800000,1949.41,1955.44,1930.2,1952.35,163178.44
1770811200000,1952.35,2016.11,1901.35,1927.8,662816.81
1770825600000,1927.8,1958.98,1907.41,1951.13,307183.77
1770840000000,1951.13,1987.29,1929.31,1940.12,223410.53
1770854400000,1940.12,1977.36,1939.81,1967.78,125065.15
1770868800000,1967.78,1982.21,1952.0,1967.04,125042.23
1770883200000,1967.04,2001.43,1956.2,1987.96,168566.96
1770897600000,1987.96,1995.92,1943.68,1947.17,278783.84
1770912000000,1947.17,1948.8,1895.0,1924.25,475252.76
1770926400000,1924.25,1951.75,1908.14,1947.08,128828.24
1770940800000,1947.08,1957.95,1926.52,1952.7,127707.24
1770955200000,1952.7,1954.84,1923.12,1934.59,149615.03
1770969600000,1934.59,1969.0,1932.75,1959.5,146486.7
1770984000000,1959.5,2050.43,1951.42,2033.8,464064.42
1770998400000,2033.8,2072.52,2030.39,2056.75,298869.01
1771012800000,2056.75,2058.89,2037.8,2047.62,104439.97
1771027200000,2047.62,2056.77,2039.15,2053.34,41624.36
1771041600000,2053.34,2059.74,2046.8,2056.0,66474.52
1771056000000,2056.0,2107.36,2055.8,2098.3,206631.48
1771070400000,2098.3,2099.13,2061.83,2086.45,184246.53
1771084800000,2086.45,2089.65,2066.19,2087.68,85655.82
1771099200000,2087.68,2097.96,2077.3,2085.63,72983.29
1771113600000,2085.63,2089.59,2035.01,2057.98,233823.04
1771128000000,2057.98,2103.0,2057.98,2090.68,181264.23
1771142400000,2090.68,2096.22,2053.0,2060.85,142950.76
1771156800000,2060.85,2067.97,1991.0,2010.34,356048.04
1771171200000,2010.34,2010.34,1927.21,1941.1,434467.26
1771185600000,1941.1,1973.91,1933.1,1965.3,190419.36
1771200000000,1965.3,1980.5,1947.56,1957.72,123657.58
1771214400000,1957.72,1978.15,1951.57,1970.09,105330.25
1771228800000,1970.09,1992.73,1955.7,1975.09,171105.7
1771243200000,1975.09,2022.97,1936.0,1955.66,517892.24
1771257600000,1955.66,1987.62,1954.8,1973.26,197654.98
1771272000000,1973.26,2003.36,1969.85,1997.4,148025.74
1771286400000,1997.4,2008.45,1978.29,1984.72,136340.48
1771300800000,1984.72,1997.76,1963.0,1984.74,121402.31
1771315200000,1984.74,1989.74,1960.12,1967.4,128991.56
1771329600000,1967.4,2002.38,1939.7,1967.71,450785.89
1771344000000,1967.71,2015.4,1952.67,1997.47,479663.67
1771358400000,1997.47,2003.59,1986.33,1990.93,115363.72
1771372800000,1990.93,1999.52,1967.33,1995.79,114113.84
1771387200000,1995.79,2023.67,1992.02,2017.32,138094.2
1771401600000,2017.32,2038.35,1974.75,1980.13,296069.04
1771416000000,1980.13,2009.93,1952.85,1984.38,430664.69
1771430400000,1984.38,1986.9,1922.54,1940.0,421823.13
1771444800000,1940.0,1955.84,1934.21,1954.81,118544.28
1771459200000,1954.81,1974.08,1948.79,1971.49,119997.08
1771473600000,1971.49,1987.38,1963.01,1980.94,121042.36
1771488000000,1980.94,1981.88,1946.78,1948.64,168722.6
1771502400000,1948.64,1955.59,1909.4,1925.19,437510.17
1771516800000,1925.19,1946.76,1905.47,1940.22,272382.19
1771531200000,1940.22,1951.81,1933.58,1948.13,100235.92
1771545600000,1948.13,1963.9,1946.37,1953.88,107152.03
1771560000000,1953.88,1968.01,1930.0,1959.74,192598.85
1771574400000,1959.74,1972.87,1939.02,1942.83,175245.48
1771588800000,1942.83,1980.0,1921.27,1963.12,484728.64
1771603200000,1963.12,1981.44,1938.0,1962.79,403201.54
1771617600000,1962.79,1974.39,1960.68,1967.93,79512.15
1771632000000,1967.93,1970.0,1954.6,1958.44,59071.79
1771646400000,1958.44,1965.56,1955.21,1961.97,38398.36
1771660800000,1961.97,1989.42,1961.11,1976.48,140109.34
1771675200000,1976.48,1996.62,1968.83,1987.3,162356.49
1771689600000,1987.3,1995.0,1975.39,1987.89,118612.86
1771704000000,1987.89,1990.34,1966.18,1972.41,147154.74
1771718400000,1972.41,1982.99,1964.9,1973.56,82269.44
1771732800000,1973.56,1978.66,1969.89,1975.11,58407.41
1771747200000,1975.11,1982.43,1969.24,1979.82,63890.66
1771761600000,1979.82,1980.81,1942.27,1952.87,256593.1
1771776000000,1952.87,1954.69,1933.47,1942.85,114487.44
1771790400000,1942.85,1960.07,1938.63,1957.04,102504.54
1771804800000,1957.04,1957.33,1845.01,1861.29,546606.61
1771819200000,1861.29,1888.26,1851.61,1884.09,158006.73
1771833600000,1884.09,1927.4,1875.57,1914.49,284429.13
1771848000000,1914.49,1934.94,1890.7,1894.52,325992.31
1771862400000,1894.52,1899.55,1836.08,1856.12,370160.49
1771876800000,1856.12,1868.97,1845.54,1855.26,144392.38
1771891200000,1855.26,1868.71,1810.13,1830.75,352200.3
1771905600000,1830.75,1839.7,1812.41,1824.7,244512.25
1771920000000,1824.7,1835.46,1814.0,1825.65,129113.48
1771934400000,1825.65,1849.59,1797.0,1846.39,392457.97
1771948800000,1846.39,1864.55,1836.58,1851.44,270549.12
1771963200000,1851.44,1863.63,1844.23,1851.05,106331.17
1771977600000,1851.05,1946.66,1845.45,1905.51,500364.79
1771992000000,1905.51,1914.12,1877.0,1892.36,205843.35
1772006400000,1892.36,1927.87,1889.27,1925.66,172612.25
1772020800000,1925.66,2029.93,1921.52,2013.1,754987.91
1772035200000,2013.1,2086.45,2012.6,2070.36,620281.37
1772049600000,2070.36,2149.0,2033.44,2056.8,624119.29
1772064000000,2056.8,2076.22,2038.43,2053.64,207040.24
1772078400000,2053.64,2082.64,2050.99,2052.73,163035.1
1772092800000,2052.73,2084.14,2043.29,2056.54,212969.26
1772107200000,2056.54,2078.04,2010.25,2032.56,477506.63
1772121600000,2032.56,2037.5,1973.08,2029.0,539726.32
1772136000000,2029.0,2041.16,2016.97,2026.77,139547.99
1772150400000,2026.77,2049.41,1998.21,2044.15,198951.51
1772164800000,2044.15,2063.39,2020.81,2031.62,204060.81
1772179200000,2031.62,2045.0,1951.93,1961.01,387950.57
1772193600000,1961.01,1968.46,1937.51,1947.49,388422.12
1772208000000,1947.49,1947.79,1906.31,1920.3,339654.95
1772222400000,1920.3,1932.55,1885.46,1928.48,228079.3
1772236800000,1928.48,1935.99,1918.79,1923.22,106071.93
1772251200000,1923.22,1930.69,1833.84,1865.4,554751.02
1772265600000,1865.4,1879.97,1842.84,1862.17,267739.29
1772280000000,1862.17,1915.07,1861.48,1897.89,453808.73
1772294400000,1897.89,1954.85,1882.98,1945.95,340866.08
1772308800000,1945.95,1984.91,1937.3,1963.56,251443.59
1772323200000,1963.56,2056.02,1942.21,2022.51,377356.22
1772337600000,2022.51,2029.75,1988.28,2006.5,207155.02
1772352000000,2006.5,2009.9,1970.49,1982.29,168223.59
1772366400000,1982.29,2027.35,1966.7,1992.41,280193.33
1772380800000,1992.41,2008.0,1943.33,1952.85,353303.71
1772395200000,1952.85,1971.39,1906.02,1938.72,367484.34
1772409600000,1938.72,1988.68,1936.21,1971.43,234148.52
1772424000000,1971.43,1983.04,1924.43,1940.4,215712.11
1772438400000,1940.4,1966.16,1917.16,1946.78,240499.87
1772452800000,1946.78,2065.56,1920.0,2047.11,708520.02
1772467200000,2047.11,2089.53,2015.05,2042.79,437869.14
1772481600000,2042.79,2058.59,2023.97,2026.46,233429.58
1772496000000,2026.46,2041.46,1996.64,2007.84,204982.61
1772510400000,2007.84,2018.53,1986.0,1995.21,188163.26
1772524800000,1995.21,1999.64,1937.5,1960.45,403506.32
1772539200000,1960.45,1989.48,1927.39,1968.42,482530.94
1772553600000,1968.42,2013.05,1957.33,1985.05,536279.4
1772568000000,1985.05,2001.07,1958.05,1981.9,183090.65
1772582400000,1981.9,1998.4,1943.5,1959.71,284030.49
1772596800000,1959.71,2009.95,1949.26,2005.7,212441.66
1772611200000,2005.7,2092.8,1999.64,2054.02,650289.12
1772625600000,2054.02,2160.0,2035.05,2149.29,778621.97
1772640000000,2149.29,2199.0,2128.01,2176.54,502080.5
1772654400000,2176.54,2179.11,2115.45,2126.13,215614.75
1772668800000,2126.13,2141.68,2105.7,2118.98,195742.56
1772683200000,2118.98,2144.0,2094.51,2103.92,215162.4
1772697600000,2103.92,2163.26,2092.11,2136.91,256278.1
1772712000000,2136.91,2141.49,2066.0,2085.97,522132.63
1772726400000,2085.97,2093.61,2053.46,2073.62,338038.9
1772740800000,2073.62,2099.09,2068.62,2071.75,157577.15
1772755200000,2071.75,2092.9,2060.92,2082.96,127277.88
1772769600000,2082.96,2086.74,2058.05,2082.01,161126.28
1772784000000,2082.01,2082.01,2044.5,2049.74,192015.93
1772798400000,2049.74,2061.76,1964.8,1976.67,650731.17
1772812800000,1976.67,1992.41,1954.2,1982.74,238394.14
1772827200000,1982.74,1989.33,1967.96,1977.75,131772.61
1772841600000,1977.75,1995.33,1971.19,1979.13,81396.8
1772856000000,1979.13,1983.46,1962.05,1982.25,95345.82
1772870400000,1982.25,1993.65,1974.1,1987.79,93134.98
1772884800000,1987.79,1990.35,1969.01,1979.92,105723.85
1772899200000,1979.92,1982.86,1945.23,1953.97,153914.51
1772913600000,1953.97,1973.1,1953.5,1968.53,84524.28
1772928000000,1968.53,1976.5,1933.77,1946.32,130336.79
1772942400000,1946.32,1960.33,1928.0,1953.97,109265.15
1772956800000,1953.97,1979.39,1943.69,1950.39,185877.41
1772971200000,1950.39,1953.95,1922.02,1941.96,227011.92
1772985600000,1941.96,1968.92,1926.02,1963.34,200616.39
1773000000000,1963.34,1970.54,1908.94,1935.93,359443.3
1773014400000,1935.93,2005.14,1928.39,1976.5,371669.91
1773028800000,1976.5,2013.7,1962.29,1983.0,278117.99
1773043200000,1983.0,2022.31,1977.36,1991.35,237897.75
1773057600000,1991.35,2033.0,1991.22,2021.39,389517.27
1773072000000,2021.39,2052.89,2004.26,2032.53,347225.27
1773086400000,2032.53,2036.99,1988.0,1992.13,197247.44
1773100800000,1992.13,2054.69,1989.76,2025.61,241841.48
1773115200000,2025.61,2058.89,2025.25,2050.3,196131.52
1773129600000,2050.3,2073.57,2050.3,2061.05,254318.58
1773144000000,2061.05,2085.4,2007.28,2078.79,600595.84
1773158400000,2078.79,2087.99,2025.58,2035.78,391260.42
1773172800000,2035.78,2047.51,2017.58,2035.52,158059.33
1773187200000,2035.52,2040.82,2016.19,2020.0,118522.23
1773201600000,2020.0,2040.45,2005.31,2011.44,174837.88
1773216000000,2011.44,2033.81,2008.05,2017.06,157849.8
1773230400000,2017.06,2082.1,2011.43,2049.07,595952.99
1773244800000,2049.07,2085.69,2045.38,2075.28,289886.09
1773259200000,2075.28,2083.61,2044.04,2050.74,144279.11
1773273600000,2050.74,2057.38,2016.2,2022.06,188658.59
1773288000000,2022.06,2041.33,2018.0,2039.73,132873.5
1773302400000,2039.73,2076.27,2037.14,2061.95,255874.2
1773316800000,2061.95,2094.71,2035.92,2071.34,578885.76
1773331200000,2071.34,2077.84,2043.69,2068.45,287669.68
1773345600000,2068.45,2092.81,2054.3,2072.58,194325.3
1773360000000,2072.58,2148.54,2069.43,2117.73,418050.04
1773374400000,2117.73,2119.25,2088.45,2098.51,172503.93
1773388800000,2098.51,2132.57,2090.18,2120.07,276238.86
1773403200000,2120.07,2208.63,2119.45,2126.71,876956.0
1773417600000,2126.71,2142.45,2088.84,2101.51,430019.63
1773432000000,2101.51,2116.0,2076.85,2090.95,159899.28
1773446400000,2090.95,2103.48,2079.09,2100.25,99507.48
1773460800000,2100.25,2105.0,2066.43,2076.24,146979.43
1773475200000,2076.24,2079.85,2060.01,2072.6,128733.57
1773489600000,2072.6,2079.46,2067.6,2073.56,98533.39
1773504000000,2073.56,2078.42,2067.5,2076.32,35017.6
1773518400000,2076.32,2101.69,2074.53,2095.39,103691.24
1773532800000,2095.39,2107.61,2082.11,2095.31,111777.15
1773547200000,2095.31,2115.25,2095.3,2104.84,96341.18
1773561600000,2104.84,2122.8,2104.84,2118.77,105087.04
1773576000000,2118.77,2119.0,2085.32,2092.75,177120.2
1773590400000,2092.75,2117.76,2087.19,2112.46,159784.74
1773604800000,2112.46,2202.7,2109.0,2177.38,504440.62
1773619200000,2177.38,2253.52,2163.48,2235.06,437229.25
1773633600000,2235.06,2288.53,2235.05,2248.26,410207.95
1773648000000,2248.26,2279.88,2230.53,2269.0,263798.2
1773662400000,2269.0,2307.33,2252.57,2272.19,577531.29
1773676800000,2272.19,2347.9,2268.55,2330.0,475050.86
1773691200000,2330.0,2385.0,2322.0,2351.38,361130.03
1773705600000,2351.38,2375.0,2307.0,2319.0,387366.75
1773720000000,2319.0,2337.31,2293.59,2326.8,251445.25
1773734400000,2326.8,2334.33,2301.59,2325.72,226595.15
1773748800000,2325.72,2357.0,2303.0,2314.55,410925.87
1773763200000,2314.55,2341.73,2311.13,2318.71,198605.76
1773777600000,2318.71,2343.84,2315.0,2316.04,113083.51
1773792000000,2316.04,2349.2,2305.31,2339.65,162305.98
1773806400000,2339.65,2341.18,2310.05,2316.36,125868.63
1773820800000,2316.36,2332.74,2261.48,2267.87,341846.66
1773835200000,2267.87,2269.77,2168.21,2186.23,704704.78
1773849600000,2186.23,2219.25,2165.08,2184.87,405768.96
1773864000000,2184.87,2206.2,2152.0,2202.04,239515.37
1773878400000,2202.04,2234.02,2185.1,2210.96,215100.16
1773892800000,2210.96,2212.01,2141.35,2165.1,301625.05
1773907200000,2165.1,2191.42,2156.55,2165.87,202855.19
1773921600000,2165.87,2166.46,2097.54,2117.75,657676.17
1773936000000,2117.75,2156.0,2103.64,2140.2,349154.63
1773950400000,2140.2,2155.14,2129.02,2136.71,142889.42
1773964800000,2136.71,2159.99,2131.17,2150.25,154796.24
1773979200000,2150.25,2158.22,2119.47,2149.51,205051.89
1773993600000,2149.51,2175.86,2130.12,2140.35,308421.8
1774008000000,2140.35,2152.43,2113.87,2132.88,429978.74
1774022400000,2132.88,2143.91,2115.46,2132.08,409451.01
1774036800000,2132.08,2168.0,2122.39,2145.02,240048.0
1774051200000,2145.02,2158.85,2143.06,2152.29,62394.24
1774065600000,2152.29,2160.5,2149.15,2154.48,56665.73
1774080000000,2154.48,2158.76,2148.32,2156.27,60308.18
1774094400000,2156.27,2167.33,2145.01,2154.22,97713.42
1774108800000,2154.22,2155.0,2140.82,2151.26,63200.71
1774123200000,2151.26,2156.25,2068.58,2083.26,232510.63
1774137600000,2083.26,2126.7,2047.17,2112.98,353819.17
1774152000000,2112.98,2122.35,2091.57,2092.73,143398.55
1774166400000,2092.73,2095.89,2065.0,2068.91,197420.66
1774180800000,2068.91,2092.57,2067.23,2082.01,159270.71
1774195200000,2082.01,2083.8,2051.94,2062.07,121861.69
1774209600000,2062.07,2074.49,2024.02,2052.59,297313.72
1774224000000,2052.59,2071.49,2033.83,2051.55,214820.68
1774238400000,2051.55,2071.5,2021.78,2043.66,246251.77
1774252800000,2043.66,2198.21,2027.27,2133.27,961390.3
1774267200000,2133.27,2192.0,2106.04,2127.14,758072.82
1774281600000,2127.14,2180.0,2116.37,2153.16,396745.04
1774296000000,2153.16,2166.25,2139.58,2150.87,85355.83
1774310400000,2150.87,2155.54,2122.67,2140.47,236042.13
1774324800000,2140.47,2170.48,2127.23,2164.82,217597.75
1774339200000,2164.82,2175.0,2145.89,2164.67,226610.2
1774353600000,2164.67,2169.56,2118.52,2134.22,432605.55
1774368000000,2134.22,2140.0,2102.0,2115.76,312509.09
1774382400000,2115.76,2163.22,2114.47,2155.21,277348.53
1774396800000,2155.21,2168.47,2144.73,2157.55,169857.1
1774411200000,2157.55,2180.04,2155.24,2163.83,205251.29
1774425600000,2163.83,2198.21,2163.7,2185.23,272266.0
1774440000000,2185.23,2197.81,2146.07,2161.45,436783.99
1774454400000,2161.45,2184.97,2154.58,2171.84,198419.98
1774468800000,2171.84,2182.57,2157.83,2168.06,115828.72
1774483200000,2168.06,2171.28,2142.33,2152.15,140527.51
1774497600000,2152.15,2153.38,2110.23,2122.32,237020.65
1774512000000,2122.32,2125.47,2060.01,2067.25,348468.89
1774526400000,2067.25,2092.92,2050.0,2069.31,410387.87
1774540800000,2069.31,2070.2,2032.37,2047.73,256688.45
1774555200000,2047.73,2080.0,2045.13,2059.31,267622.65
1774569600000,2059.31,2076.39,2055.31,2060.47,116254.36
1774584000000,2060.47,2071.88,2041.29,2064.92,199940.54
1774598400000,2064.92,2068.45,1980.27,1990.2,521900.87
1774612800000,1990.2,2009.59,1965.26,1990.13,391357.16
1774627200000,1990.13,1997.3,1973.03,1990.44,204794.22
1774641600000,1990.44,1995.29,1976.87,1991.79,93514.72
1774656000000,1991.79,1994.48,1981.21,1988.23,53268.01
1774670400000,1988.23,2007.83,1986.1,2006.22,69713.06
1774684800000,2006.22,2007.71,1990.99,1996.35,83023.71
1774699200000,1996.35,2048.03,1991.0,2025.8,311873.83
1774713600000,2025.8,2029.0,2012.55,2019.48,71761.64
1774728000000,2019.48,2026.21,1988.2,1993.56,140137.55
1774742400000,1993.56,2018.8,1990.09,2010.19,88460.74
1774756800000,2010.19,2012.1,1996.1,2004.9,70012.18
1774771200000,2004.9,2007.75,1990.06,2002.5,105261.2
1774785600000,2002.5,2004.26,1982.24,1991.9,151678.06
1774800000000,1991.9,2003.45,1986.37,1994.82,86870.27
1774814400000,1994.82,2009.76,1936.39,1983.52,360490.7
1774828800000,1983.52,2042.95,1978.92,2035.31,339972.5
1774843200000,2035.31,2068.27,2035.24,2058.81,261812.47
1774857600000,2058.81,2082.39,2047.44,2070.71,259088.43
1774872000000,2070.71,2085.33,2042.0,2073.42,364050.27
1774886400000,2073.42,2074.0,2011.62,2022.68,341733.65
1774900800000,2022.68,2048.18,2012.7,2025.62,166607.46
1774915200000,2025.62,2091.99,2015.1,2066.07,315606.03
1774929600000,2066.07,2071.68,2040.7,2054.86,161762.88
1774944000000,2054.86,2058.38,2010.51,2040.3,289814.13
1774958400000,2040.3,2093.22,2034.11,2053.7,591436.96
1774972800000,2053.7,2125.46,2053.15,2095.46,551112.82
1774987200000,2095.46,2111.0,2085.48,2104.64,188560.73
1775001600000,2104.64,2117.91,2081.06,2101.94,192802.51
1775016000000,2101.94,2155.91,2099.06,2129.88,360328.97
1775030400000,2129.88,2143.0,2124.04,2134.16,171532.66
1775044800000,2134.16,2150.0,2107.36,2133.92,376763.33
1775059200000,2133.92,2166.92,2122.05,2140.49,326972.37
1775073600000,2140.49,2164.99,2128.95,2138.81,185066.55
1775088000000,2138.81,2158.25,2044.23,2054.63,683278.76
1775102400000,2054.63,2057.51,2037.1,2054.64,184860.4
1775116800000,2054.64,2054.64,2021.34,2031.76,178766.98
1775131200000,2031.76,2070.99,2015.1,2058.66,418218.53
1775145600000,2058.66,2077.5,2042.48,2064.45,210391.69
1775160000000,2064.45,2073.67,2052.1,2056.29,100216.81
1775174400000,2056.29,2061.69,2039.13,2053.07,124985.3
1775188800000,2053.07,2074.56,2046.02,2065.24,131889.4
1775203200000,2065.24,2071.79,2051.91,2061.74,111698.07
1775217600000,2061.74,2080.97,2040.09,2050.13,187993.78
1775232000000,2050.13,2055.92,2042.44,2051.56,82665.02
1775246400000,2051.56,2059.98,2047.84,2052.76,47571.09
1775260800000,2052.76,2053.36,2046.87,2049.14,33192.19
1775275200000,2049.14,2057.04,2047.4,2052.74,47219.67
1775289600000,2052.74,2054.29,2045.97,2050.84,41462.28
1775304000000,2050.84,2061.4,2043.0,2055.06,69132.57
1775318400000,2055.06,2083.72,2051.6,2063.82,144845.36
1775332800000,2063.82,2071.44,2058.89,2064.57,56808.54
1775347200000,2064.57,2064.8,2052.51,2055.4,48458.0
1775361600000,2055.4,2057.29,2025.72,2035.87,140990.36
1775376000000,2035.87,2051.7,2034.3,2040.66,74979.28
1775390400000,2040.66,2069.0,2020.01,2052.91,260369.81
1775404800000,2052.91,2069.0,2046.9,2061.06,122752.42
1775419200000,2061.06,2123.04,2048.51,2109.53,358703.24
1775433600000,2109.53,2146.41,2109.53,2128.6,251092.17
1775448000000,2128.6,2142.68,2119.26,2134.3,153459.84
1775462400000,2134.3,2175.5,2132.7,2150.85,280971.5
1775476800000,2150.85,2169.53,2136.55,2163.54,372788.02
1775491200000,2163.54,2167.5,2122.16,2143.02,277898.97
1775505600000,2143.02,2154.51,2086.27,2106.03,282370.99
1775520000000,2106.03,2118.89,2091.75,2107.0,177725.83
1775534400000,2107.0,2118.38,2095.0,2102.77,144089.14
1775548800000,2102.77,2133.21,2080.57,2088.2,366674.52
1775563200000,2088.2,2093.02,2058.64,2079.28,411493.65
1775577600000,2079.28,2115.99,2076.36,2112.67,323787.74
1775592000000,2112.67,2273.72,2109.75,2239.15,905647.93
1775606400000,2239.15,2250.22,2226.78,2233.69,222425.4
1775620800000,2233.69,2259.93,2233.69,2252.74,189664.79
1775635200000,2252.74,2263.0,2235.69,2246.37,159154.57
1775649600000,2246.37,2269.72,2185.62,2214.6,534138.73
1775664000000,2214.6,2238.52,2196.52,2209.9,257715.51
1775678400000,2209.9,2222.69,2177.66,2188.79,227460.41
1775692800000,2188.79,2192.81,2160.54,2181.3,259817.48
1775707200000,2181.3,2189.17,2174.11,2180.1,149795.93
1775721600000,2180.1,2196.71,2175.45,2178.69,177985.51
1775736000000,2178.69,2224.55,2156.14,2217.03,521112.0
1775750400000,2217.03,2230.0,2192.16,2215.53,324960.81
1775764800000,2215.53,2246.43,2181.61,2188.99,235792.08
1775779200000,2188.99,2203.41,2173.28,2185.06,152831.39
1775793600000,2185.06,2202.5,2175.0,2178.53,96390.22
1775808000000,2178.53,2223.41,2175.84,2214.67,226639.33
1775822400000,2214.67,2256.98,2207.0,2223.24,431758.99
1775836800000,2223.24,2255.26,2220.01,2252.15,157645.03
1775851200000,2252.15,2257.79,2234.12,2244.15,108811.39
1775865600000,2244.15,2251.69,2233.44,2236.25,57181.99
1775880000000,2236.25,2241.93,2226.97,2231.91,64398.17
1775894400000,2231.91,2248.0,2230.82,2244.88,93292.35
1775908800000,2244.88,2257.08,2232.01,2248.63,82639.03
1775923200000,2248.63,2328.69,2245.2,2315.22,333764.19
1775937600000,2315.22,2316.69,2275.14,2283.87,170742.55
1775952000000,2283.87,2287.54,2205.26,2212.73,405480.5
1775966400000,2212.73,2219.89,2207.25,2216.66,98862.95
1775980800000,2216.66,2218.08,2192.74,2203.05,134590.73
1775995200000,2203.05,2206.94,2173.41,2185.26,249372.49
1776009600000,2185.26,2206.49,2181.51,2197.26,91623.77
1776024000000,2197.26,2217.51,2181.65,2190.42,186959.56
1776038400000,2190.42,2208.71,2186.0,2193.06,110071.17
1776052800000,2193.06,2200.58,2180.74,2185.22,130501.78
1776067200000,2185.22,2194.83,2177.33,2186.14,101167.18
1776081600000,2186.14,2235.86,2174.29,2208.0,436468.93
1776096000000,2208.0,2268.5,2198.45,2260.84,364047.92
1776110400000,2260.84,2393.33,2246.2,2367.94,624033.83
1776124800000,2367.94,2378.79,2352.95,2364.58,157622.14
1776139200000,2364.58,2389.85,2353.65,2376.75,155030.17
1776153600000,2376.75,2395.83,2366.57,2373.19,168919.73
1776168000000,2373.19,2414.56,2331.04,2363.0,614987.83
1776182400000,2363.0,2370.0,2301.01,2312.08,287876.78
1776196800000,2312.08,2331.29,2306.96,2321.27,129466.36
1776211200000,2321.27,2341.92,2315.61,2327.49,147134.7
1776225600000,2327.49,2337.0,2306.17,2315.44,137478.94
1776240000000,2315.44,2339.0,2310.58,2335.85,208182.88
1776254400000,2335.85,2350.16,2315.65,2330.74,315299.41
1776268800000,2330.74,2385.71,2328.09,2373.88,255855.47
1776283200000,2373.88,2379.85,2347.56,2359.04,203046.95
1776297600000,2359.04,2368.5,2342.95,2356.46,104711.45
1776312000000,2356.46,2362.88,2334.0,2340.4,123547.61
1776326400000,2340.4,2347.11,2326.78,2334.39,171123.52
1776340800000,2334.39,2351.18,2281.22,2337.72,595974.35
1776355200000,2337.72,2362.0,2307.58,2358.8,369147.3
1776369600000,2358.8,2364.99,2334.26,2347.0,139921.37
1776384000000,2347.0,2349.77,2322.01,2324.19,125959.68
1776398400000,2324.19,2342.8,2314.4,2333.27,143955.67
1776412800000,2333.27,2376.59,2331.89,2353.53,294615.79
1776427200000,2353.53,2456.19,2347.48,2440.51,923942.98
1776441600000,2440.51,2463.95,2413.0,2425.87,341953.24
1776456000000,2425.87,2441.48,2413.48,2417.22,136558.46
1776470400000,2417.22,2426.3,2397.31,2403.65,113835.82
1776484800000,2403.65,2412.32,2397.6,2402.21,70270.1
1776499200000,2402.21,2403.62,2341.35,2351.7,309875.1
1776513600000,2351.7,2368.86,2343.53,2361.89,139517.55
1776528000000,2361.89,2373.68,2336.7,2346.67,150590.37
1776542400000,2346.67,2361.16,2342.63,2349.3,70652.69
1776556800000,2349.3,2354.23,2330.36,2338.55,94501.33
1776571200000,2338.55,2344.99,2294.43,2314.47,247854.05
1776585600000,2314.47,2330.72,2304.22,2327.95,139671.53
1776600000000,2327.95,2348.76,2314.0,2329.54,211921.01
1776614400000,2329.54,2331.63,2286.0,2298.56,258439.11
1776628800000,2298.56,2299.12,2250.37,2262.24,278437.89
1776643200000,2262.24,2294.14,2258.23,2285.16,162179.58
1776657600000,2285.16,2332.24,2261.4,2296.68,324464.76
1776672000000,2296.68,2319.0,2288.21,2306.97,166179.75
1776686400000,2306.97,2325.97,2277.0,2312.74,397272.7
1776700800000,2312.74,2343.95,2296.14,2330.22,260591.84
1776715200000,2330.22,2345.61,2305.0,2312.23,182990.92
1776729600000,2312.23,2325.63,2298.06,2310.15,104348.34
1776744000000,2310.15,2326.49,2302.58,2316.78,107544.77
1776758400000,2316.78,2337.97,2312.52,2318.59,199627.73
1776772800000,2318.59,2326.72,2288.18,2309.03,390458.62
1776787200000,2309.03,2332.55,2281.0,2297.29,368281.19
1776801600000,2297.29,2329.15,2294.6,2326.19,193940.46
1776816000000,2326.19,2379.61,2311.42,2362.39,275813.21
1776830400000,2362.39,2411.9,2357.05,2388.83,290284.82
1776844800000,2388.83,2399.63,2381.42,2397.29,108557.96
1776859200000,2397.29,2423.64,2389.05,2402.54,317127.26
1776873600000,2402.54,2412.69,2382.04,2396.22,193889.21
1776888000000,2396.22,2404.8,2372.01,2372.85,121204.31
1776902400000,2372.85,2381.3,2330.0,2340.05,309868.55
1776916800000,2340.05,2358.52,2335.81,2343.11,132386.92
1776931200000,2343.11,2343.94,2303.72,2327.9,237477.57
1776945600000,2327.9,2342.73,2313.65,2332.28,242449.94
1776960000000,2332.28,2334.56,2283.5,2312.0,382326.68
1776974400000,2312.0,2337.6,2311.66,2329.0,117200.51
1776988800000,2329.0,2336.46,2298.71,2307.19,124754.2
1777003200000,2307.19,2316.58,2297.47,2310.62,112634.27
1777017600000,2310.62,2331.6,2302.01,2326.9,148154.12
1777032000000,2326.9,2330.92,2299.71,2322.76,208752.19
1777046400000,2322.76,2323.99,2307.01,2320.43,114307.89
1777060800000,2320.43,2327.42,2306.23,2313.95,74901.6
1777075200000,2313.95,2320.25,2310.24,2317.62,39732.1
1777089600000,2317.62,2318.17,2311.89,2315.07,28166.28
1777104000000,2315.07,2322.11,2310.0,2312.73,58768.45
1777118400000,2312.73,2317.81,2301.03,2306.58,64197.97
1777132800000,2306.58,2313.35,2299.03,2308.76,82740.72
1777147200000,2308.76,2319.82,2307.46,2318.45,39064.46
1777161600000,2318.45,2318.94,2305.01,2308.58,44874.55
1777176000000,2308.58,2335.59,2307.68,2330.24,125937.33
1777190400000,2330.24,2337.24,2328.13,2335.08,60466.09
1777204800000,2335.08,2353.0,2323.32,2347.33,158104.35
1777219200000,2347.33,2375.51,2339.15,2366.51,148227.4
1777233600000,2366.51,2379.41,2345.86,2368.64,182570.05
1777248000000,2368.64,2403.84,2357.62,2393.51,199692.77
1777262400000,2393.51,2394.99,2310.6,2314.27,367691.84
1777276800000,2314.27,2324.69,2307.48,2318.82,137885.03
1777291200000,2318.82,2328.73,2264.05,2273.25,392327.72
1777305600000,2273.25,2291.03,2268.52,2288.0,136303.3
1777320000000,2288.0,2307.68,2282.69,2302.19,106006.85
1777334400000,2302.19,2309.57,2278.59,2289.3,158510.47
1777348800000,2289.3,2296.51,2267.8,2286.6,131675.45
1777363200000,2286.6,2290.67,2268.99,2274.16,89236.58
1777377600000,2274.16,2286.55,2256.41,2278.72,257427.11
1777392000000,2278.72,2304.7,2272.87,2300.58,163494.34
1777406400000,2300.58,2304.66,2281.81,2288.12,69232.28
1777420800000,2288.12,2316.37,2277.77,2310.52,196249.42
1777435200000,2310.52,2341.88,2308.03,2322.57,248175.62
1777449600000,2322.57,2346.75,2319.53,2330.35,186378.22
1777464000000,2330.35,2330.96,2261.68,2271.41,441820.28
1777478400000,2271.41,2284.91,2219.08,2232.46,471086.61
1777492800000,2232.46,2264.1,2228.72,2251.9,166311.35
1777507200000,2251.9,2278.66,2233.14,2251.78,231430.49
1777521600000,2251.78,2261.6,2229.64,2259.22,153042.27
1777536000000,2259.22,2273.35,2250.38,2257.26,163087.85
1777550400000,2257.26,2275.49,2244.0,2264.57,173750.52
1777564800000,2264.57,2266.0,2248.5,2260.72,90115.26
1777579200000,2260.72,2266.54,2251.11,2256.65,43418.52
1777593600000,2256.65,2294.93,2256.04,2281.96,184541.26
1777608000000,2281.96,2285.98,2271.0,2278.37,92802.65
1777622400000,2278.37,2292.94,2275.52,2285.57,100799.64
1777636800000,2285.57,2325.0,2282.85,2306.46,394210.66
1777651200000,2306.46,2314.37,2296.88,2303.45,116485.29
1777665600000,2303.45,2304.75,2277.87,2294.58,123534.75
1777680000000,2294.58,2307.82,2291.71,2303.07,61166.73
1777694400000,2303.07,2305.21,2295.37,2299.96,47373.05
1777708800000,2299.96,2306.83,2297.78,2300.81,36619.39
1777723200000,2300.81,2310.84,2299.74,2307.75,45184.01
1777737600000,2307.75,2312.64,2302.18,2310.16,33187.25
1777752000000,2310.16,2343.49,2308.37,2315.86,145637.15
1777766400000,2315.86,2316.94,2297.08,2300.82,101829.77
1777780800000,2300.82,2313.24,2296.08,2308.4,71124.68
1777795200000,2308.4,2326.81,2306.32,2318.68,95543.17
1777809600000,2318.68,2333.05,2318.63,2327.19,84401.06
1777824000000,2327.19,2337.3,2321.03,2334.29,50829.1
1777838400000,2334.29,2355.99,2313.12,2321.75,247641.85
1777852800000,2321.75,2390.92,2307.15,2383.94,419301.45
1777867200000,2383.94,2399.0,2352.51,2361.72,199096.37
1777881600000,2361.72,2369.8,2312.52,2335.96,429198.25
1777896000000,2335.96,2383.36,2324.1,2348.86,482445.85
1777910400000,2348.86,2379.21,2335.24,2355.14,268480.68
1777924800000,2355.14,2364.99,2343.11,2345.94,80039.16
1777939200000,2345.94,2389.0,2343.71,2381.22,205197.59
1777953600000,2381.22,2389.98,2366.15,2379.79,182124.43
1777968000000,2379.79,2383.65,2365.55,2378.51,128456.61
1777982400000,2378.51,2400.85,2367.95,2380.29,234777.82
1777996800000,2380.29,2382.41,2357.56,2370.36,159115.82
1778011200000,2370.36,2387.4,2352.45,2359.29,197294.97
1778025600000,2359.29,2379.95,2351.95,2375.58,177715.52
1778040000000,2375.58,2378.4,2352.54,2370.3,173705.83
1778054400000,2370.3,2423.38,2367.6,2409.71,425006.35
1778068800000,2409.71,2412.9,2341.55,2357.53,491998.38
1778083200000,2357.53,2368.03,2335.01,2347.32,167957.02
1778097600000,2347.32,2356.44,2336.98,2349.67,119810.14
1778112000000,2349.67,2351.31,2311.11,2320.99,227801.32
1778126400000,2320.99,2346.0,2316.22,2343.66,184751.7
1778140800000,2343.66,2345.95,2315.79,2329.2,161452.25
1778155200000,2329.2,2336.38,2283.8,2293.72,375796.36
1778169600000,2293.72,2303.58,2278.23,2295.16,180997.43
1778184000000,2295.16,2301.96,2280.0,2290.21,130776.04
1778198400000,2290.21,2293.56,2263.77,2278.04,187822.17
1778212800000,2278.04,2284.15,2266.0,2279.85,123611.2
1778227200000,2279.85,2297.0,2278.46,2294.14,151457.81
1778241600000,2294.14,2301.19,2268.31,2292.4,221556.5
1778256000000,2292.4,2320.8,2285.22,2315.2,231690.96
1778270400000,2315.2,2318.23,2302.0,2306.25,81778.33
1778284800000,2306.25,2320.72,2303.09,2314.25,65972.96
1778299200000,2314.25,2324.79,2309.38,2313.34,97704.94
1778313600000,2313.34,2319.17,2308.81,2313.47,76142.13
1778328000000,2313.47,2317.45,2297.29,2316.35,107845.72
1778342400000,2316.35,2337.61,2313.9,2331.21,158726.11
1778356800000,2331.21,2332.6,2323.37,2325.21,25710.76
1778371200000,2325.21,2332.0,2316.83,2326.63,73559.01
1778385600000,2326.63,2331.24,2325.01,2326.49,46458.62
1778400000000,2326.49,2333.0,2317.63,2321.45,53613.35
1778414400000,2321.45,2350.6,2319.75,2346.94,110536.88
1778428800000,2346.94,2367.2,2339.09,2364.46,188803.75
1778443200000,2364.46,2382.13,2308.55,2370.27,442631.7
1778457600000,2370.27,2374.09,2318.75,2329.5,273187.24
1778472000000,2329.5,2342.5,2325.54,2329.67,76546.97
1778486400000,2329.67,2338.9,2325.2,2334.84,63573.29
1778500800000,2334.84,2338.02,2301.84,2332.31,275862.04
1778515200000,2332.31,2343.43,2322.08,2339.39,141373.8
1778529600000,2339.39,2344.78,2333.47,2338.61,60240.55
1778544000000,2338.61,2339.66,2292.61,2307.96,203799.3
1778558400000,2307.96,2313.24,2288.95,2293.92,149655.86
1778572800000,2293.92,2295.36,2275.67,2285.53,177462.63
1778587200000,2285.53,2294.76,2254.86,2260.7,323371.27
1778601600000,2260.7,2286.58,2255.0,2283.86,159136.53
1778616000000,2283.86,2291.61,2272.02,2273.74,76072.79
1778630400000,2273.74,2302.93,2272.09,2300.73,105907.71
1778644800000,2300.73,2308.5,2294.8,2300.27,88503.47
1778659200000,2300.27,2322.67,2297.72,2300.71,188491.96
1778673600000,2300.71,2306.38,2232.89,2235.39,533882.7
1778688000000,2235.39,2267.95,2234.22,2255.63,204598.46
1778702400000,2255.63,2263.65,2249.68,2257.97,59870.08
1778716800000,2257.97,2268.77,2237.16,2241.05,129555.47
1778731200000,2241.05,2274.54,2238.0,2264.34,124941.74
1778745600000,2264.34,2270.35,2251.26,2252.59,102524.31
1778760000000,2252.59,2298.85,2244.67,2297.49,344264.35
1778774400000,2297.49,2318.71,2292.59,2297.51,365682.15
1778788800000,2297.51,2300.76,2279.2,2282.41,118321.63
1778803200000,2282.41,2299.45,2258.83,2272.08,185202.23
1778817600000,2272.08,2272.56,2235.64,2264.16,244115.15
1778832000000,2264.16,2264.43,2248.07,2256.22,131665.77
1778846400000,2256.22,2259.63,2203.5,2221.67,407849.39
1778860800000,2221.67,2232.0,2217.57,2222.01,111828.46
1778875200000,2222.01,2226.58,2213.0,2223.64,79032.91
1778889600000,2223.64,2230.99,2222.19,2226.62,49055.71
1778904000000,2226.62,2227.81,2180.01,2193.43,203595.22
1778918400000,2193.43,2195.96,2160.01,2175.27,234252.13
1778932800000,2175.27,2187.9,2171.2,2179.01,87313.52
1778947200000,2179.01,2184.11,2169.28,2178.76,59436.5
1778961600000,2178.76,2182.62,2178.2,2179.68,28513.27
1778976000000,2179.68,2184.77,2166.61,2180.54,86914.63
1778990400000,2180.54,2194.15,2180.05,2185.24,83296.75
1779004800000,2185.24,2197.5,2181.88,2191.03,93494.09
1779019200000,2191.03,2197.31,2177.0,2185.27,125583.13
1779033600000,2185.27,2192.84,2175.09,2191.33,75198.12
1779048000000,2191.33,2193.93,2082.46,2129.74,473635.8
1779062400000,2129.74,2130.91,2103.29,2117.57,221568.75
1779076800000,2117.57,2124.92,2108.45,2119.62,158850.87
1779091200000,2119.62,2139.0,2108.95,2132.97,188778.2
1779105600000,2132.97,2157.52,2092.0,2106.54,559255.41
1779120000000,2106.54,2128.28,2076.19,2124.48,360509.53
1779134400000,2124.48,2142.35,2113.56,2129.12,184267.37
1779148800000,2129.12,2147.82,2118.13,2130.47,158752.04
1779163200000,2130.47,2143.93,2122.22,2139.71,130874.25
1779177600000,2139.71,2140.67,2105.26,2109.5,201455.04
1779192000000,2109.5,2127.07,2092.31,2109.36,293834.36
1779206400000,2109.36,2124.69,2106.22,2112.33,138737.32
1779220800000,2112.33,2119.85,2101.42,2111.0,71174.62
1779235200000,2111.0,2118.51,2101.81,2110.59,78895.59
1779249600000,2110.59,2135.72,2105.66,2128.7,143303.01
1779264000000,2128.7,2137.84,2123.23,2127.18,88298.89
1779278400000,2127.18,2149.12,2112.41,2135.71,301881.34
1779292800000,2135.71,2148.75,2122.76,2138.31,142146.51
1779307200000,2138.31,2140.16,2117.26,2128.49,72383.69
1779321600000,2128.49,2157.97,2127.58,2144.89,103712.53
1779336000000,2144.89,2147.97,2123.0,2134.1,118738.71
1779350400000,2134.1,2147.81,2108.53,2114.07,197043.84
1779364800000,2114.07,2137.49,2103.8,2131.46,236222.1
1779379200000,2131.46,2153.8,2120.1,2142.11,320339.28
1779393600000,2142.11,2142.65,2126.09,2132.8,50920.82
1779408000000,2132.8,2141.4,2124.32,2137.1,89665.88
1779422400000,2137.1,2140.77,2120.34,2127.64,103151.95
1779436800000,2127.64,2132.3,2117.79,2129.8,90141.41
1779451200000,2129.8,2137.64,2111.0,2118.44,211290.1
1779465600000,2118.44,2129.51,2056.3,2064.53,427982.56
1779480000000,2064.53,2078.96,2055.55,2065.1,183014.03
1779494400000,2065.1,2071.2,2051.05,2069.88,109706.23
1779508800000,2069.88,2070.14,2007.09,2027.53,312654.77
1779523200000,2027.53,2035.01,2020.04,2030.44,118679.75
1779537600000,2030.44,2068.08,2026.07,2059.61,271411.24
1779552000000,2059.61,2082.89,2056.52,2076.55,192302.98
1779566400000,2076.55,2148.5,2073.57,2116.64,534530.86
1779580800000,2116.64,2127.23,2111.87,2118.17,84780.36
1779595200000,2118.17,2129.76,2112.71,2120.3,69867.3
1779609600000,2120.3,2131.91,2118.22,2125.35,63795.77
1779624000000,2125.35,2125.61,2077.29,2094.8,260824.32
1779638400000,2094.8,2108.48,2094.07,2099.78,99667.26
1779652800000,2099.78,2106.34,2060.13,2098.9,240121.74
1779667200000,2098.9,2112.65,2091.51,2094.51,88975.83
1779681600000,2094.51,2117.39,2091.0,2115.41,158833.57
1779696000000,2115.41,2124.0,2110.59,2114.07,88492.54
1779710400000,2114.07,2137.94,2111.2,2126.18,134662.56
1779724800000,2126.18,2141.7,2115.71,2120.5,98925.08
1779739200000,2120.5,2122.52,2101.11,2111.61,98405.18
1779753600000,2111.61,2112.99,2082.92,2092.2,201383.3
1779768000000,2092.2,2104.22,2087.2,2094.41,131370.93
1779782400000,2094.41,2136.95,2093.02,2120.0,229609.25
1779796800000,2120.0,2140.0,2076.5,2086.03,511324.13
1779811200000,2086.03,2088.73,2052.36,2073.42,319252.57
1779825600000,2073.42,2077.78,2064.41,2072.95,57588.6
1779840000000,2072.95,2083.56,2067.31,2068.58,92721.22
1779854400000,2068.58,2083.21,2054.41,2082.52,114708.07
1779868800000,2082.52,2096.0,2077.31,2079.56,139154.35
1779883200000,2079.56,2096.71,2050.11,2070.53,336063.42
1779897600000,2070.53,2073.49,2042.15,2056.7,203006.88
1779912000000,2056.7,2065.46,2014.1,2023.66,303467.34
1779926400000,2023.66,2028.32,1967.45,1980.36,362993.7
1779940800000,1980.36,1995.93,1965.81,1994.13,245880.15
1779955200000,1994.13,1997.78,1983.32,1988.61,95889.42
1779969600000,1988.61,2002.1,1966.44,1989.51,320863.76
1779984000000,1989.51,2029.53,1984.0,2013.86,239708.17
1779998400000,2013.86,2023.5,2003.6,2008.96,136458.99
1780012800000,2008.96,2016.87,1996.33,2001.86,106411.65
1780027200000,2001.86,2021.0,1997.29,2006.71,119417.69
1780041600000,2006.71,2015.5,2001.16,2006.59,92043.37
1780056000000,2006.59,2046.0,1975.51,2030.9,564686.1
1780070400000,2030.9,2043.75,2003.13,2016.12,336493.57
1780084800000,2016.12,2023.41,2005.51,2013.24,132886.0
1780099200000,2013.24,2022.5,2009.46,2015.82,77588.87
1780113600000,2015.82,2019.99,2000.67,2015.33,107178.65
1780128000000,2015.33,2021.81,2012.81,2016.69,41110.81
1780142400000,2016.69,2031.46,2016.22,2025.74,89837.29
1780156800000,2025.74,2029.48,2018.39,2028.05,59611.94
1780171200000,2028.05,2030.77,2018.91,2021.49,56884.4
1780185600000,2021.49,2037.78,2019.31,2032.56,84325.47
1780200000000,2032.56,2034.04,2021.68,2023.11,43500.71
1780214400000,2023.11,2028.27,2014.47,2022.19,72337.51
1780228800000,2022.19,2025.9,2004.39,2009.31,170008.05
1780243200000,2009.31,2011.47,1992.77,1998.73,142073.12
1780257600000,1998.73,2022.36,1998.73,2006.27,142219.02
1780272000000,2006.27,2020.93,1989.6,2008.31,153452.08
1780286400000,2008.31,2011.24,1970.47,1975.23,232788.33
1780300800000,1975.23,1989.4,1970.83,1980.7,161885.83
1780315200000,1980.7,1994.0,1955.03,1967.54,500778.04
1780329600000,1967.54,2008.32,1957.66,2003.79,249321.59
1780344000000,2003.79,2008.67,1982.73,2005.92,173971.34
1780358400000,2005.92,2006.39,1961.0,2003.1,212975.07
1780372800000,2003.1,2005.71,1972.72,1980.84,227126.1
1780387200000,1980.84,1988.33,1965.54,1977.33,186893.27
1780401600000,1977.33,1982.15,1886.18,1913.8,817784.53
1780416000000,1913.8,1943.57,1880.0,1911.27,456626.57
1780430400000,1911.27,1917.91,1837.2,1859.08,558352.76
1780444800000,1859.08,1873.38,1815.58,1826.83,348733.4
1780459200000,1826.83,1885.05,1826.49,1877.48,322119.95
1780473600000,1877.48,1892.07,1869.0,1877.33,170338.64
1780488000000,1877.33,1879.73,1835.16,1836.19,252171.94
1780502400000,1836.19,1843.28,1793.75,1802.3,441602.83
1780516800000,1802.3,1852.0,1767.42,1812.31,555421.12
1780531200000,1812.31,1819.98,1715.18,1808.57,810561.51
1780545600000,1808.57,1817.4,1772.39,1776.32,313751.4
1780560000000,1776.32,1782.44,1728.75,1750.48,457085.38
1780574400000,1750.48,1794.5,1743.25,1776.0,376816.73
1780588800000,1776.0,1786.93,1752.76,1775.97,229777.62
1780603200000,1775.97,1782.09,1751.22,1769.77,183540.75
1780617600000,1769.77,1774.04,1720.62,1728.74,251090.28
1780632000000,1728.74,1747.18,1622.06,1677.98,948581.95
1780646400000,1677.98,1689.27,1658.11,1662.16,319925.02
1780660800000,1662.16,1677.23,1570.82,1582.27,970082.74
1780675200000,1582.27,1612.16,1538.32,1572.9,1050093.19
1780689600000,1572.9,1619.28,1556.32,1582.41,627410.12
1780704000000,1582.41,1600.35,1553.55,1562.3,282151.33
1780718400000,1562.3,1581.42,1504.0,1574.62,966375.46
1780732800000,1574.62,1592.67,1534.08,1557.95,428322.08
1780747200000,1557.95,1575.0,1543.56,1559.6,286335.43
1780761600000,1559.6,1566.41,1545.56,1553.69,216812.59
1780776000000,1553.69,1569.68,1549.97,1568.82,140930.81
1780790400000,1568.82,1599.77,1563.09,1593.86,220747.87
1780804800000,1593.86,1622.94,1583.62,1614.41,280624.71
1780819200000,1614.41,1648.24,1607.64,1629.26,277810.72
1780833600000,1629.26,1639.44,1605.5,1629.17,316978.85
1780848000000,1629.17,1637.0,1601.09,1611.94,248745.61
1780862400000,1611.94,1721.2,1608.18,1689.76,629269.35
1780876800000,1689.76,1711.35,1669.83,1678.88,383253.22
1780891200000,1678.88,1680.0,1643.74,1672.82,386220.61
1780905600000,1672.82,1696.26,1655.99,1683.02,357153.87
1780920000000,1683.02,1705.76,1666.04,1690.63,536948.81
1780934400000,1690.63,1703.0,1674.28,1683.65,305426.2
1780948800000,1683.65,1713.78,1677.71,1688.92,304007.23
1780963200000,1688.92,1695.48,1652.97,1668.48,341510.59
1780977600000,1668.48,1696.07,1663.44,1679.11,281159.77
1780992000000,1679.11,1679.97,1662.39,1670.81,227878.05
1781006400000,1670.81,1683.09,1632.0,1635.32,451169.06
1781020800000,1635.32,1658.38,1612.0,1656.79,480235.69
1781035200000,1656.79,1663.75,1629.29,1638.6,171382.78
1781049600000,1638.6,1646.26,1620.38,1629.94,135534.76
1781064000000,1629.94,1643.11,1615.04,1639.31,122316.75
1781078400000,1639.31,1640.17,1604.0,1619.06,267307.53
1781092800000,1619.06,1667.92,1614.54,1657.21,550071.63
1781107200000,1657.21,1658.44,1621.18,1629.15,339517.93
1781121600000,1629.15,1635.28,1602.47,1620.71,214781.61
1781136000000,1620.71,1665.37,1620.7,1653.35,357102.54
1781150400000,1653.35,1662.49,1645.35,1653.76,171283.02
1781164800000,1653.76,1673.58,1653.5,1665.94,196048.61
1781179200000,1665.94,1666.13,1634.38,1644.66,346301.29
1781193600000,1644.66,1693.23,1631.69,1680.51,554781.68
1781208000000,1680.51,1683.19,1666.34,1672.79,129122.07
1781222400000,1672.79,1677.74,1658.19,1672.42,117166.4
1781236800000,1672.42,1681.2,1651.0,1661.2,152893.34
1781251200000,1661.2,1685.57,1661.12,1673.03,144960.76
1781265600000,1673.03,1690.75,1651.97,1658.91,431393.79
1781280000000,1658.91,1677.36,1656.08,1664.81,170619.27
1781294400000,1664.81,1667.22,1658.11,1665.62,47938.33
1781308800000,1665.62,1675.83,1661.93,1664.35,71849.51
1781323200000,1664.35,1677.6,1661.22,1675.43,86789.82
1781337600000,1675.43,1679.2,1671.82,1677.43,84751.26
1781352000000,1677.43,1686.27,1675.73,1681.3,74031.45
1781366400000,1681.3,1681.93,1670.01,1677.46,145015.09
1781380800000,1677.46,1698.08,1673.81,1680.51,77149.72
1781395200000,1680.51,1689.92,1677.92,1680.99,37194.26
1781409600000,1680.99,1681.85,1672.41,1674.97,60771.76
1781424000000,1674.97,1678.41,1668.03,1672.84,63151.41
1781438400000,1672.84,1673.98,1653.42,1662.07,132392.8
1781452800000,1662.07,1667.65,1658.0,1664.58,66217.01
1781467200000,1664.58,1731.99,1661.43,1724.77,411597.64
1781481600000,1724.77,1731.91,1708.85,1720.13,136924.37
1781496000000,1720.13,1723.29,1715.0,1715.74,75199.39
1781510400000,1715.74,1770.0,1711.19,1763.81,379164.05
1781524800000,1763.81,1848.58,1759.22,1844.61,673245.38
1781539200000,1844.61,1846.73,1810.65,1821.04,252224.67
1781553600000,1821.04,1825.91,1781.7,1795.1,188072.79
1781568000000,1795.1,1801.17,1763.69,1778.28,208929.91
1781582400000,1778.28,1782.3,1757.0,1773.2,178542.92
1781596800000,1773.2,1807.5,1772.13,1798.91,240072.75
1781611200000,1798.91,1839.53,1762.34,1781.51,464526.64
1781625600000,1781.51,1807.88,1772.17,1794.74,203424.32
1781640000000,1794.74,1799.8,1788.38,1792.23,56608.67
1781654400000,1792.23,1809.79,1778.46,1792.98,159997.12
1781668800000,1792.98,1801.37,1777.08,1784.13,123013.31
1781683200000,1784.13,1785.39,1758.33,1763.11,192801.36
1781697600000,1763.11,1776.95,1740.36,1772.48,338565.4
1781712000000,1772.48,1796.67,1728.1,1733.61,568505.57
1781726400000,1733.61,1750.97,1724.38,1749.68,159583.25
1781740800000,1749.68,1762.63,1740.16,1743.21,117164.09
1781755200000,1743.21,1752.99,1719.64,1748.99,192557.5
1781769600000,1748.99,1753.05,1738.17,1742.31,175529.56
1781784000000,1742.31,1752.37,1678.0,1681.01,518024.87
1781798400000,1681.01,1706.97,1670.64,1704.71,350977.16
1781812800000,1704.71,1716.78,1699.26,1710.08,119670.69
1781827200000,1710.08,1719.16,1678.28,1696.74,203704.96
1781841600000,1696.74,1702.64,1684.48,1694.92,130790.6
1781856000000,1694.92,1699.0,1686.05,1690.99,93609.25
1781870400000,1690.99,1711.79,1678.0,1707.05,258878.4
1781884800000,1707.05,1711.05,1692.4,1700.32,95532.15
1781899200000,1700.32,1714.77,1697.64,1710.16,66444.08
1781913600000,1710.16,1718.0,1702.39,1707.38,74746.33
1781928000000,1707.38,1734.07,1705.75,1725.05,172806.25
1781942400000,1725.05,1732.7,1720.09,1726.31,88558.9
1781956800000,1726.31,1749.0,1707.15,1740.11,271677.13
1781971200000,1740.11,1740.26,1720.01,1728.26,116764.16
1781985600000,1728.26,1745.73,1725.5,1740.0,90338.45
1782000000000,1740.0,1740.96,1732.5,1737.14,51144.73
1782014400000,1737.14,1740.66,1728.28,1731.16,64796.83
1782028800000,1731.16,1736.55,1716.93,1724.45,114140.39
1782043200000,1724.45,1731.97,1715.15,1729.9,140799.74
1782057600000,1729.9,1738.56,1720.67,1733.29,75060.37
1782072000000,1733.29,1734.75,1700.0,1706.15,236996.03
1782086400000,1706.15,1759.26,1705.92,1729.15,330023.61
1782100800000,1729.15,1751.13,1726.62,1745.81,141067.6
1782115200000,1745.81,1774.36,1742.95,1766.99,201743.08
1782129600000,1766.99,1779.5,1741.13,1743.81,361705.59
1782144000000,1743.81,1747.25,1727.46,1733.68,342983.63
1782158400000,1733.68,1739.0,1715.34,1727.19,179460.42
1782172800000,1727.19,1735.85,1718.75,1729.17,128837.54
1782187200000,1729.17,1730.63,1679.0,1681.76,321332.42
1782201600000,1681.76,1683.9,1633.25,1659.93,370765.35
1782216000000,1659.93,1671.3,1644.08,1658.73,296649.21
1782230400000,1658.73,1673.85,1648.53,1661.57,137764.62
1782244800000,1661.57,1672.88,1659.09,1666.19,105693.78
1782259200000,1666.19,1680.25,1656.51,1665.7,157116.57
1782273600000,1665.7,1679.0,1657.2,1672.32,125686.39
1782288000000,1672.32,1692.67,1654.84,1678.63,193159.29
1782302400000,1678.63,1680.64,1615.65,1617.0,534672.53
1782316800000,1617.0,1635.0,1550.91,1583.66,661279.47
1782331200000,1583.66,1628.83,1578.8,1621.5,283265.31
1782345600000,1621.5,1625.99,1613.37,1618.71,107793.78
1782360000000,1618.71,1660.0,1616.27,1656.45,285920.77
1782374400000,1656.45,1658.65,1626.89,1632.3,206379.26
1782388800000,1632.3,1649.61,1530.64,1569.43,966046.41
1782403200000,1569.43,1586.94,1553.48,1558.69,270166.47
1782417600000,1558.69,1582.87,1555.79,1566.94,231785.69
1782432000000,1566.94,1570.9,1510.84,1557.1,491017.56
1782446400000,1557.1,1585.4,1542.64,1579.84,265587.8
1782460800000,1579.84,1581.37,1539.57,1544.22,219909.48
1782475200000,1544.22,1587.96,1520.1,1579.33,577888.31
1782489600000,1579.33,1594.19,1569.44,1573.89,192782.06
1782504000000,1573.89,1582.91,1566.67,1577.77,95324.31
1782518400000,1577.77,1586.32,1570.23,1579.76,79462.1
1782532800000,1579.76,1585.73,1574.24,1584.82,58662.35
1782547200000,1584.82,1585.08,1577.84,1583.08,41574.22
1782561600000,1583.08,1610.48,1580.47,1604.72,166655.51
1782576000000,1604.72,1607.09,1571.92,1577.42,169391.28
1782590400000,1577.42,1584.4,1561.49,1573.03,120072.97
1782604800000,1573.03,1579.12,1567.84,1574.09,44485.04
1782619200000,1574.09,1576.54,1561.59,1575.15,84081.73
1782633600000,1575.15,1585.6,1571.28,1582.19,78455.57
1782648000000,1582.19,1588.6,1573.7,1580.13,76925.72
1782662400000,1580.13,1581.17,1555.5,1563.71,147431.89
1782676800000,1563.71,1582.0,1546.63,1571.24,263415.26
1782691200000,1571.24,1589.12,1548.85,1584.09,312652.99
1782705600000,1584.09,1588.46,1561.09,1579.41,162249.57
1782720000000,1579.41,1586.5,1569.19,1574.19,156450.42
1782734400000,1574.19,1596.47,1556.26,1579.51,494653.06
1782748800000,1579.51,1637.68,1572.83,1624.91,351345.96
1782763200000,1624.91,1625.95,1607.0,1612.13,97560.0
1782777600000,1612.13,1613.55,1585.32,1586.25,139751.81
1782792000000,1586.25,1595.44,1578.51,1591.53,108308.83
1782806400000,1591.53,1593.56,1574.92,1577.74,131042.5
1782820800000,1577.74,1577.78,1548.96,1564.53,442340.87
1782835200000,1564.53,1581.46,1561.09,1579.9,105031.41
1782849600000,1579.9,1582.4,1565.22,1571.21,76982.78
1782864000000,1571.21,1598.73,1551.44,1594.15,231859.49
1782878400000,1594.15,1604.51,1570.29,1577.57,191382.45
1782892800000,1577.57,1584.64,1566.4,1569.02,117167.95
1782907200000,1569.02,1630.66,1564.42,1619.27,445200.07
1782921600000,1619.27,1629.41,1606.33,1617.16,176780.14
1782936000000,1617.16,1645.97,1607.32,1608.73,237892.65
1782950400000,1608.73,1642.01,1596.0,1638.76,174182.38
1782964800000,1638.76,1639.42,1613.65,1615.39,113666.43
1782979200000,1615.39,1654.68,1614.3,1649.59,240650.55
1782993600000,1649.59,1725.0,1646.81,1696.06,651679.76
1783008000000,1696.06,1706.5,1685.56,1699.23,183646.69
1783022400000,1699.23,1706.23,1691.03,1699.82,92869.65
1783036800000,1699.82,1718.65,1693.75,1705.82,172107.97
1783051200000,1705.82,1721.97,1701.3,1717.33,89189.77
1783065600000,1717.33,1748.5,1714.89,1741.7,280564.78
1783080000000,1741.7,1753.48,1727.87,1730.32,200757.8
1783094400000,1730.32,1752.46,1726.2,1744.67,108118.93
1783108800000,1744.67,1775.74,1742.7,1757.29,192694.46
1783123200000,1757.29,1763.37,1743.08,1752.88,78086.38
1783137600000,1752.88,1763.99,1750.52,1757.42,67715.72
1783152000000,1757.42,1764.76,1754.11,1757.13,49848.76
1783166400000,1757.13,1798.96,1757.13,1790.42,229153.5
1783180800000,1790.42,1809.7,1778.06,1791.68,164679.81
1783195200000,1791.68,1795.35,1771.3,1779.79,89172.34
1783209600000,1779.79,1780.0,1755.25,1760.66,131631.34
1783224000000,1760.66,1771.9,1759.18,1769.21,77765.57
1783238400000,1769.21,1772.44,1747.88,1759.32,100019.11
1783252800000,1759.32,1782.92,1755.2,1773.85,119825.51
1783267200000,1773.85,1786.95,1769.4,1780.67,117601.07
1783281600000,1780.67,1808.37,1768.5,1785.02,198955.08
1783296000000,1785.02,1798.69,1770.72,1778.94,124993.9
1783310400000,1778.94,1784.43,1763.53,1771.51,89571.15
1783324800000,1771.51,1777.93,1755.05,1758.41,151621.06
1783339200000,1758.41,1788.56,1727.97,1787.99,555571.37
1783353600000,1787.99,1804.77,1781.61,1791.81,256177.52
1783368000000,1791.81,1834.54,1786.44,1799.01,261898.36
1783382400000,1799.01,1809.6,1768.0,1770.61,209283.42
1783396800000,1770.61,1781.89,1756.61,1770.49,143733.86
1783411200000,1770.49,1784.41,1767.17,1779.96,92228.51
1783425600000,1779.96,1802.65,1760.01,1796.75,326864.32
1783440000000,1796.75,1812.48,1772.62,1789.66,193205.18
1783454400000,1789.66,1792.5,1764.03,1770.55,120313.06
1783468800000,1770.55,1784.38,1740.42,1750.68,254397.26
1783483200000,1750.68,1758.85,1743.82,1755.74,119736.56
1783497600000,1755.74,1758.0,1723.66,1747.35,288763.11
1783512000000,1747.35,1750.9,1712.07,1721.98,284198.06
1783526400000,1721.98,1745.94,1721.92,1740.22,151484.98
1783540800000,1740.22,1745.22,1730.42,1742.53,65767.76
1783555200000,1742.53,1755.31,1720.26,1729.75,139746.67
1783569600000,1729.75,1761.94,1729.15,1752.4,160098.25
1783584000000,1752.4,1758.44,1740.26,1743.3,95028.05
1783598400000,1743.3,1751.72,1732.68,1738.45,213614.1
1783612800000,1738.45,1759.6,1730.84,1747.83,118952.42
1783627200000,1747.83,1750.58,1740.62,1744.26,45044.98
1783641600000,1744.26,1779.81,1736.48,1775.54,210770.79
1783656000000,1775.54,1779.66,1767.87,1772.68,98361.01
1783670400000,1772.68,1802.3,1771.79,1800.49,172152.15
1783684800000,1800.49,1812.38,1773.44,1790.37,247200.33
1783699200000,1790.37,1799.0,1780.03,1791.97,150552.1
1783713600000,1791.97,1797.42,1788.54,1796.0,53995.58
1783728000000,1796.0,1798.48,1785.0,1795.66,58182.02
1783742400000,1795.66,1803.26,1793.43,1799.17,50007.57
1783756800000,1799.17,1802.75,1794.29,1799.6,32903.32
1783771200000,1799.6,1827.91,1797.41,1814.01,200160.3
1783785600000,1814.01,1829.98,1809.72,1823.77,100950.96
1783800000000,1823.77,1828.46,1785.5,1786.81,144582.66
1783814400000,1786.81,1814.28,1777.84,1810.77,157331.54
1783828800000,1810.77,1811.97,1787.81,1798.13,100363.22
1783843200000,1798.13,1808.57,1795.25,1802.89,83867.07
1783857600000,1802.89,1826.2,1802.0,1820.13,122501.59
1783872000000,1820.13,1823.68,1813.95,1820.61,72910.26
1783886400000,1820.61,1824.1,1796.15,1806.21,136037.17
1783900800000,1806.21,1846.89,1772.62,1779.74,516912.55
1783915200000,1779.74,1790.49,1773.28,1786.54,156694.39
1783929600000,1786.54,1792.7,1775.69,1779.87,119112.61
1783944000000,1779.87,1786.98,1760.61,1775.85,336890.39
1783958400000,1775.85,1780.15,1748.14,1774.07,236868.99
1783972800000,1774.07,1777.76,1751.21,1776.0,144372.16
1783987200000,1776.0,1793.94,1772.43,1782.86,192599.58
1784001600000,1782.86,1792.63,1778.16,1779.86,93422.08
1784016000000,1779.86,1804.78,1777.63,1797.4,147340.1
1784030400000,1797.4,1888.0,1793.5,1874.49,913565.73
1784044800000,1874.49,1881.24,1860.03,1875.98,148724.77
1784059200000,1875.98,1898.0,1871.01,1891.08,148410.17
1784073600000,1891.08,1892.84,1863.29,1875.53,143098.38
1784088000000,1875.53,1891.34,1863.53,1869.03,226377.49
1784102400000,1869.03,1886.02,1868.86,1883.82,151492.36
1784116800000,1883.82,1945.91,1878.27,1930.86,600922.27
1784131200000,1930.86,1936.2,1903.01,1923.13,247255.4
1784145600000,1923.13,1929.76,1913.62,1916.95,86319.15
1784160000000,1916.95,1928.49,1907.0,1917.71,127410.91
1784174400000,1917.71,1929.34,1904.09,1909.71,146261.83
1784188800000,1909.71,1912.11,1874.52,1884.2,352647.91
1784203200000,1884.2,1895.0,1866.41,1881.1,323347.75
1784217600000,1881.1,1882.31,1860.02,1874.82,203161.24
1784232000000,1874.82,1880.95,1855.51,1863.6,125822.51
1784246400000,1863.6,1870.0,1842.38,1851.74,214892.8
1784260800000,1851.74,1852.14,1819.67,1827.21,230526.65
1784275200000,1827.21,1842.35,1819.7,1838.1,145443.14
1784289600000,1838.1,1839.51,1802.56,1830.23,366571.15
1784304000000,1830.23,1855.96,1825.35,1842.49,210464.15
1784318400000,1842.49,1845.99,1834.24,1841.16,58341.52
1784332800000,1841.16,1845.99,1838.32,1845.2,31320.51
1784347200000,1845.2,1849.03,1841.57,1843.36,29083.87
1784361600000,1843.36,1848.59,1841.34,1844.67,27398.56
1784376000000,1844.67,1849.98,1836.4,1843.12,56465.34
1784390400000,1843.12,1868.6,1840.65,1857.67,130800.12
1784404800000,1857.67,1865.16,1854.25,1861.88,77943.59
1784419200000,1861.88,1876.92,1857.4,1866.56,99498.88
1784433600000,1866.56,1871.29,1863.43,1869.4,38103.35
1784448000000,1869.4,1879.38,1862.03,1870.42,103586.92
1784462400000,1870.42,1878.68,1863.35,1870.19,115060.29
1784476800000,1870.19,1873.93,1850.0,1861.45,162473.97
1784491200000,1861.45,1877.97,1855.86,1871.37,164149.97
1784505600000,1871.37,1891.45,1861.51,1878.98,285140.64
1784520000000,1878.98,1879.3,1841.67,1863.08,273387.4
1784534400000,1863.08,1896.75,1852.66,1892.93,285921.48
1784548800000,1892.93,1904.77,1852.2,1901.75,388862.59
1784563200000,1901.75,1917.88,1889.08,1897.55,269123.75
1784577600000,1897.55,1907.55,1893.3,1903.67,111410.56
1784592000000,1903.67,1929.5,1899.55,1926.03,166614.78
1784606400000,1926.03,1939.99,1921.05,1933.15,146700.0
1784620800000,1933.15,1953.39,1926.14,1934.83,202204.94
1784635200000,1934.83,1944.77,1922.11,1931.01,244656.25
1784649600000,1931.01,1934.83,1913.01,1922.7,164090.3
1784664000000,1922.7,1931.9,1915.7,1929.32,71976.78
1784678400000,1929.32,1943.95,1925.46,1927.39,133423.99
1784692800000,1927.39,1938.65,1909.41,1913.44,132796.68
1784707200000,1913.44,1932.99,1913.0,1926.4,125825.12
1784721600000,1926.4,1957.31,1912.41,1942.02,360349.08
1784736000000,1942.02,1956.34,1919.88,1923.94,234090.05
1784750400000,1923.94,1938.86,1921.84,1933.3,115161.52
1784764800000,1933.3,1941.27,1916.5,1919.55,130854.0
1784779200000,1919.55,1928.0,1911.5,1914.78,113081.14
1784793600000,1914.78,1930.88,1913.45,1924.74,103203.08
1784808000000,1924.74,1927.02,1881.23,1894.51,401426.34
1784822400000,1894.51,1894.72,1867.0,1874.77,232546.29
1784836800000,1874.77,1888.22,1873.19,1877.44,104920.25
1784851200000,1877.44,1880.88,1858.12,1879.69,158947.04
1784865600000,1879.69,1909.3,1872.22,1895.22,246614.2
1784880000000,1895.22,1895.29,1875.6,1882.93,117226.28
1784894400000,1882.93,1885.19,1846.6,1861.21,340669.31
1784908800000,1861.21,1866.11,1852.29,1862.83,90483.78
1784923200000,1862.83,1864.7,1855.39,1860.52,41786.07
1784937600000,1860.52,1863.99,1854.36,1857.77,49726.41
1784952000000,1857.77,1862.17,1853.68,1855.17,36692.64
1784966400000,1855.17,1859.43,1850.04,1857.14,37227.29
1784980800000,1857.14,1871.58,1856.13,1867.18,83976.11
1784995200000,1867.18,1876.0,1863.63,1873.88,55803.58
1785009600000,1873.88,1876.47,1866.51,1873.74,37876.37
1785024000000,1873.74,1883.25,1872.78,1881.3,46478.94
1785038400000,1881.3,1888.75,1877.4,1880.98,57790.46
1785052800000,1880.98,1887.0,1878.25,1885.22,36185.18
1785067200000,1885.22,1916.7,1880.86,1913.82,185801.16
1785081600000,1913.82,1927.9,1907.83,1913.4,106724.76
1785096000000,1913.4,1966.8,1910.52,1953.82,245955.19
1785110400000,1953.82,1954.71,1935.02,1948.93,112235.04
1785124800000,1948.93,1981.29,1947.7,1963.82,207120.7
1785139200000,1963.82,1971.0,1955.84,1958.73,114753.27
1785153600000,1958.73,1977.43,1917.67,1926.69,476163.83
1785168000000,1926.69,1954.97,1921.53,1947.78,199828.33
1785182400000,1947.78,1950.22,1880.52,1891.53,274960.27
1785196800000,1891.53,1893.52,1864.17,1880.3,215375.28
1785211200000,1880.3,1888.73,1875.54,1882.86,111502.48
1785225600000,1882.86,1884.82,1870.78,1875.98,142982.72
1785240000000,1875.98,1923.68,1855.08,1919.09,550263.82
1785254400000,1919.09,1929.41,1892.0,1921.35,251033.34
1785268800000,1921.35,1929.94,1903.05,1921.26,144339.33
1785283200000,1921.26,1928.3,1889.44,1891.81,177639.87
1785297600000,1891.81,1924.58,1883.23,1923.76,193829.08
1785312000000,1923.76,1924.39,1908.2,1914.43,132163.84
1785326400000,1914.43,1914.43,1886.17,1891.13,287812.53
1785340800000,1891.13,1938.31,1882.2,1887.72,596829.74
1785355200000,1887.72,1912.69,1873.01,1909.76,296586.48
1785369600000,1909.76,1920.91,1892.99,1909.4,142938.54
1785384000000,1909.4,1910.11,1898.11,1902.33,71000.18
1785398400000,1902.33,1925.71,1899.46,1922.31,132580.8
1785412800000,1922.31,1936.72,1912.49,1918.13,210166.73
1785427200000,1918.13,1928.69,1913.45,1923.0,95480.49
1785441600000,1923.0,1936.0,1915.22,1917.28,215089.92
1785456000000,1917.28,1935.68,1897.03,1907.78,226554.83
1785470400000,1907.78,1910.37,1883.43,1888.77,158267.95
1785484800000,1888.77,1892.29,1876.05,1883.5,131870.22
1785499200000,1883.5,1889.5,1847.07,1861.84,483459.72
1785513600000,1861.84,1877.49,1859.31,1867.41,128192.58
1785528000000,1867.41,1870.0,1857.29,1861.59,82430.28
1785542400000,1861.59,1869.19,1861.35,1868.99,37018.57
1785556800000,1868.99,1871.05,1864.43,1868.9,31538.66
1785571200000,1868.9,1869.84,1861.99,1866.0,41082.68
1785585600000,1866.0,1874.89,1865.99,1869.36,51104.54
1785600000000,1869.36,1872.83,1820.58,1836.33,271338.07
1785614400000,1836.33,1848.59,1831.68,1843.92,66930.53
1785628800000,1843.92,1884.0,1841.97,1876.67,217156.3
1785643200000,1876.67,1882.55,1874.04,1875.26,68218.34
1785657600000,1875.26,1878.26,1848.4,1851.6,114019.48
1785672000000,1851.6,1862.64,1851.11,1857.78,79277.88
1785686400000,1857.78,1887.87,1855.0,1881.33,111850.3
1785700800000,1881.33,1898.0,1875.05,1884.48,144116.63
1785715200000,1884.48,1885.0,1850.12,1856.18,125133.28
1785729600000,1856.18,1862.0,1838.87,1843.12,150372.3
1785744000000,1843.12,1853.74,1827.32,1838.96,192954.1
1785758400000,1838.96,1873.61,1835.55,1862.68,288834.5
1785772800000,1862.68,1875.96,1860.5,1869.17,120108.43
1785787200000,1869.17,1875.21,1850.54,1859.63,115843.95
1785801600000,1859.63,1871.1,1847.06,1863.47,155971.37
1785816000000,1863.47,1873.99,1852.4,1863.0,121038.77
1785830400000,1863.0,1874.0,1852.32,1871.97,115235.31
1785844800000,1871.97,1881.0,1857.42,1872.26,272302.81
1785859200000,1872.26,1882.96,1864.54,1874.42,156960.26
1785873600000,1874.42,1880.52,1865.18,1868.78,95225.95
1785888000000,1868.78,1877.57,1860.22,1866.76,161515.06
1785902400000,1866.76,1876.99,1862.34,1871.74,103888.2
1785916800000,1871.74,1875.0,1865.03,1867.92,71290.86
1785931200000,1867.92,1884.5,1853.55,1872.72,393923.16
1785945600000,1872.72,1927.74,1872.2,1916.07,319409.04
1785960000000,1916.07,1924.0,1903.04,1908.1,109789.69
1785974400000,1908.1,1913.18,1893.76,1898.03,94683.4
1785988800000,1898.03,1918.26,1894.69,1908.5,95795.65
1786003200000,1908.5,1920.58,1895.37,1906.86,156765.65
1786017600000,1906.86,1919.0,1891.33,1910.06,244185.78
1786032000000,1910.06,1917.84,1903.02,1908.73,101377.18
1786046400000,1908.73,1909.92,1897.66,1903.02,61919.69
1786060800000,1903.02,1907.94,1894.83,1896.64,90505.63
1786075200000,1896.64,1907.18,1893.27,1901.52,74652.25
1786089600000,1901.52,1920.34,1900.9,1915.56,162390.52
1786104000000,1915.56,1943.65,1909.54,1917.23,385550.17
1786118400000,1917.23,1924.58,1904.09,1917.81,162747.78
1786132800000,1917.81,1921.0,1911.57,1913.03,52378.6
1786147200000,1913.03,1918.47,1911.19,1917.06,27720.38
1786161600000,1917.06,1918.58,1912.9,1914.35,26587.31
1786176000000,1914.35,1923.19,1913.72,1919.71,37557.28
1786190400000,1919.71,1925.84,1917.44,1921.72,55725.61
1786204800000,1921.72,1925.56,1918.29,1919.68,28137.45
1786219200000,1919.68,1921.98,1913.65,1916.07,29911.87
1786233600000,1916.07,1919.91,1911.52,1913.21,35909.18
1786248000000,1913.21,1918.74,1912.11,1918.29,33875.57
1786262400000,1918.29,1924.46,1912.59,1918.42,52820.53
1786276800000,1918.42,1926.73,1915.43,1925.51,84074.43
1786291200000,1925.51,1926.27,1919.35,1921.05,26540.55
1786305600000,1921.05,1937.56,1905.99,1909.67,148121.52
1786320000000,1909.67,1931.0,1904.8,1916.4,187137.68
1786334400000,1916.4,1930.0,1911.44,1924.47,91140.08
1786348800000,1924.47,1929.0,1913.6,1919.69,70033.47
1786363200000,1919.69,1922.52,1870.28,1875.86,423287.52
1786377600000,1875.86,1879.79,1866.25,1877.56,156790.09
1786392000000,1877.56,1880.5,1868.62,1872.26,54479.36
1786406400000,1872.26,1880.8,1869.96,1880.12,44522.28
1786420800000,1880.12,1881.14,1869.67,1876.97,71861.23
1786435200000,1876.97,1895.32,1874.53,1892.13,128376.59
1786449600000,1892.13,1897.65,1852.0,1861.92,382708.03
1786464000000,1861.92,1884.37,1858.76,1881.14,160070.59
1786478400000,1881.14,1886.85,1878.0,1881.65,105896.32
1786492800000,1881.65,1887.71,1880.0,1885.78,45088.79
1786507200000,1885.78,1892.99,1884.51,1890.99,73511.43
1786521600000,1890.99,1915.0,1889.01,1914.82,190189.61
1786536000000,1914.82,1926.0,1883.34,1891.76,410051.34
1786550400000,1891.76,1895.16,1876.7,1878.46,115593.63
1786564800000,1878.46,1888.8,1871.71,1878.81,88617.04
1786579200000,1878.81,1888.01,1872.0,1886.8,127322.23
1786593600000,1886.8,1899.71,1884.7,1894.76,112200.13
1786608000000,1894.76,1896.31,1874.39,1879.68,149326.05
1786622400000,1879.68,1896.85,1878.2,1879.15,166849.64
1786636800000,1879.15,1892.47,1862.52,1886.62,261654.13
1786651200000,1886.62,1893.5,1883.71,1885.52,52400.64
1786665600000,1885.52,1890.91,1881.33,1882.17,54997.86
1786680000000,1882.17,1887.32,1871.09,1872.34,99504.45
1786694400000,1872.34,1880.33,1868.28,1877.26,96533.3
1786708800000,1877.26,1883.83,1863.24,1880.67,178449.15
1786723200000,1880.67,1887.65,1872.62,1879.76,112711.55
1786737600000,1879.76,1881.88,1875.14,1881.42,41270.95
1786752000000,1881.42,1885.98,1880.22,1881.95,33343.79
1786766400000,1881.95,1884.89,1878.69,1879.53,32654.69
1786780800000,1879.53,1880.85,1875.2,1878.51,34388.61
1786795200000,1878.51,1884.94,1877.01,1884.15,50034.37
1786809600000,1884.15,1885.58,1881.42,1883.58,28706.93
1786824000000,1883.58,1884.98,1881.1,1881.94,18387.11
1786838400000,1881.94,1884.88,1876.17,1882.29,56933.93
1786852800000,1882.29,1883.85,1878.17,1880.69,17628.76
1786867200000,1880.69,1881.8,1878.32,1880.1,22083.12
1786881600000,1880.1,1884.17,1878.48,1883.05,29230.63
1786896000000,1883.05,1891.62,1881.51,1884.91,89478.11
1786910400000,1884.91,1886.64,1867.89,1875.31,116148.49
1786924800000,1875.31,1907.76,1871.49,1900.13,201059.39
1786939200000,1900.13,1911.77,1897.09,1900.04,124769.68
1786953600000,1900.04,1908.95,1890.59,1903.73,164068.3
1786968000000,1903.73,1914.96,1895.05,1912.4,205557.44
1786982400000,1912.4,1913.78,1903.42,1906.56,124451.68
1786996800000,1906.56,1918.0,1902.45,1912.75,84956.01
1787011200000,1912.75,1913.73,1884.12,1893.69,174059.02
1787025600000,1893.69,1906.0,1890.51,1897.58,86446.35
1787040000000,1897.58,1905.19,1892.53,1902.39,66732.21
1787054400000,1902.39,1922.9,1892.89,1916.95,261736.39
1787068800000,1916.95,1921.71,1909.81,1912.71,92180.92
1787083200000,1912.71,1919.96,1910.15,1917.15,68178.2
1787097600000,1917.15,1918.5,1905.0,1911.18,132568.04
1787112000000,1911.18,1920.78,1905.37,1915.13,101830.19
1787126400000,1915.13,1929.09,1914.35,1922.24,132193.85
1787140800000,1922.24,2117.55,1921.5,2084.94,1238030.36
1787155200000,2084.94,2107.82,2065.81,2101.05,365122.46
1787169600000,2101.05,2338.21,2100.97,2252.29,1152739.24
1787184000000,2252.29,2273.66,2219.87,2250.92,321048.23
1787198400000,2250.92,2267.0,2238.08,2252.11,175660.97
1787212800000,2252.11,2318.36,2249.0,2295.26,418540.94
1787227200000,2295.26,2337.66,2252.19,2325.01,607320.73
1787241600000,2325.01,2359.2,2309.44,2322.98,383173.45
1787256000000,2322.98,2340.3,2304.63,2326.24,133961.95
1787270400000,2326.24,2381.58,2324.05,2340.09,338146.23
1787284800000,2340.09,2398.9,2340.09,2371.87,349469.31
1787299200000,2371.87,2449.48,2355.64,2370.38,672367.17
1787313600000,2370.38,2408.2,2364.92,2392.88,346813.15
1787328000000,2392.88,2431.72,2382.84,2412.42,268804.76
1787342400000,2412.42,2549.15,2407.55,2515.9,529467.65
1787356800000,2515.9,2528.77,2491.11,2514.27,235258.63
1787371200000,2514.27,2530.0,2379.45,2432.05,515097.98
1787385600000,2432.05,2442.2,2387.67,2424.0,256748.94
1787400000000,2424.0,2437.84,2405.43,2410.52,130337.9
1787414400000,2410.52,2444.52,2408.54,2438.61,103540.38
1787428800000,2438.61,2443.69,2401.45,2422.0,116491.13
1787443200000,2422.0,2435.0,2406.38,2413.44,113902.53
1787457600000,2413.44,2416.7,2355.16,2388.12,300922.51
1787472000000,2388.12,2438.32,2385.94,2433.37,178894.7
1787486400000,2433.37,2485.43,2385.09,2437.87,406076.64
1787500800000,2437.87,2459.01,2431.22,2443.77,145097.83
1787515200000,2443.77,2484.95,2435.0,2462.5,168137.18
1787529600000,2462.5,2466.28,2422.2,2429.78,183235.03
1787544000000,2429.78,2474.37,2427.19,2453.84,180471.22
1787558400000,2453.84,2509.26,2434.58,2493.6,296502.36
1787572800000,2493.6,2533.91,2472.82,2486.24,524781.75
1787587200000,2486.24,2505.26,2453.33,2470.66,360121.32
1787601600000,2470.66,2488.92,2464.4,2480.86,125778.78
1787616000000,2480.86,2533.06,2470.77,2497.97,234009.38
1787630400000,2497.97,2515.4,2463.05,2477.99,192459.85
1787644800000,2477.99,2497.52,2461.0,2477.13,135956.57
1787659200000,2477.13,2483.53,2438.16,2481.5,298078.88
1787673600000,2481.5,2485.8,2453.74,2461.93,133036.81
1787688000000,2461.93,2463.17,2411.95,2441.56,207398.54
1787702400000,2441.56,2469.73,2433.87,2464.57,118864.65
1787716800000,2464.57,2472.96,2450.0,2460.34,109719.19
1787731200000,2460.34,2474.89,2441.07,2461.68,119132.5
1787745600000,2461.68,2470.71,2430.68,2448.89,256316.07
1787760000000,2448.89,2483.16,2435.38,2469.34,177088.55
1787774400000,2469.34,2515.0,2458.37,2505.74,201514.25
1787788800000,2505.74,2509.59,2486.0,2491.85,100786.59
1787803200000,2491.85,2498.87,2480.36,2495.89,75348.42
1787817600000,2495.89,2566.16,2484.4,2500.38,463246.0
1787832000000,2500.38,2531.39,2481.3,2520.39,274205.96
1787846400000,2520.39,2533.19,2487.18,2496.9,174130.4
1787860800000,2496.9,2516.52,2493.67,2509.8,66691.07
1787875200000,2509.8,2534.39,2484.0,2488.62,173496.45
1787889600000,2488.62,2504.51,2474.47,2495.3,119579.36
1787904000000,2495.3,2511.61,2480.21,2503.99,94298.34
1787918400000,2503.99,2526.68,2465.0,2470.19,429010.9
1787932800000,2470.19,2472.54,2404.61,2434.6,448621.84
1787947200000,2434.6,2445.0,2421.0,2441.64,87344.1
1787961600000,2441.64,2447.03,2432.3,2433.88,78625.99
1787976000000,2433.88,2441.03,2427.87,2434.77,52527.85
1787990400000,2434.77,2437.58,2429.52,2434.71,32662.73
1788004800000,2434.71,2452.84,2431.16,2443.59,99083.6
1788019200000,2443.59,2460.68,2443.2,2452.28,97305.69
1788033600000,2452.28,2458.72,2447.81,2456.38,33326.01
1788048000000,2456.38,2467.0,2451.48,2456.07,55154.31
1788062400000,2456.07,2461.07,2450.38,2454.2,33311.31
1788076800000,2454.2,2460.64,2450.85,2459.18,49960.32
1788091200000,2459.18,2483.31,2457.37,2479.79,141277.03
1788105600000,2479.79,2533.99,2478.16,2502.64,277225.94
1788120000000,2502.64,2507.63,2385.55,2415.47,437078.68
1788134400000,2415.47,2440.68,2400.1,2419.73,229061.23
1788148800000,2419.73,2445.89,2410.02,2439.25,154801.71
1788163200000,2439.25,2457.8,2431.91,2445.01,129867.44
1788177600000,2445.01,2478.0,2436.0,2466.57,250738.01
1788192000000,2466.57,2489.44,2460.13,2480.76,159109.29
1788206400000,2480.76,2486.27,2460.56,2466.53,73831.35
1788220800000,2466.53,2481.97,2452.62,2471.22,122137.66
1788235200000,2471.22,2484.81,2465.18,2471.54,76231.09
1788249600000,2471.54,2472.47,2441.53,2457.99,187601.34
1788264000000,2457.99,2458.27,2420.0,2448.06,250152.88
1788278400000,2448.06,2448.8,2381.92,2417.86,321236.05
1788292800000,2417.86,2426.54,2399.13,2417.18,109970.88
1788307200000,2417.18,2423.89,2385.31,2413.29,207322.02
1788321600000,2413.29,2428.46,2404.06,2416.51,144987.39
1788336000000,2416.51,2419.53,2355.0,2380.66,312242.88
1788350400000,2380.66,2418.69,2375.97,2389.97,282254.21
1788364800000,2389.97,2403.98,2371.31,2392.24,172984.81
1788379200000,2392.24,2399.14,2376.57,2390.64,81395.6
1788393600000,2390.64,2410.56,2367.78,2402.21,140299.48
1788408000000,2402.21,2419.34,2377.25,2397.2,169257.7
1788422400000,2397.2,2412.31,2388.38,2405.91,107342.33
1788436800000,2405.91,2517.2,2403.49,2516.41,467139.4
1788451200000,2516.41,2530.0,2487.48,2517.2,205152.06
1788465600000,2517.2,2526.0,2488.48,2506.26,145129.1
1788480000000,2506.26,2516.75,2496.0,2503.76,97685.3
1788494400000,2503.76,2524.23,2499.0,2503.61,128002.03
1788508800000,2503.61,2546.49,2502.17,2522.02,235783.7
1788523200000,2522.02,2531.2,2427.79,2450.85,570807.29
1788537600000,2450.85,2463.93,2441.42,2454.57,107951.42
1788552000000,2454.57,2458.13,2448.36,2454.77,46668.69
1788566400000,2454.77,2455.72,2448.57,2451.44,40719.85
1788580800000,2451.44,2457.98,2443.0,2456.11,38784.27
1788595200000,2456.11,2459.78,2451.58,2452.63,45517.18
1788609600000,2452.63,2461.8,2448.35,2458.63,70314.7
1788624000000,2458.63,2484.57,2457.7,2476.44,109092.33
1788638400000,2476.44,2493.12,2473.45,2479.17,82855.43
1788652800000,2479.17,2513.86,2477.96,2508.68,124928.07
1788667200000,2508.68,2524.13,2480.98,2495.78,142955.57
1788681600000,2495.78,2503.56,2490.22,2500.64,74863.29
1788696000000,2500.64,2503.95,2457.18,2478.43,170531.1
1788710400000,2478.43,2500.08,2474.22,2489.62,78024.75
1788724800000,2489.62,2526.57,2486.84,2513.13,131789.9
1788739200000,2513.13,2536.02,2494.89,2496.16,176381.0
1788753600000,2496.16,2513.66,2472.79,2487.95,145700.68
1788768000000,2487.95,2496.56,2482.71,2487.84,84260.4
1788782400000,2487.84,2510.96,2464.19,2468.85,204472.48
1788796800000,2468.85,2497.85,2468.7,2494.79,89822.41
1788811200000,2494.79,2496.51,2473.68,2489.22,96835.84
1788825600000,2489.22,2507.32,2476.52,2485.1,89484.14
1788840000000,2485.1,2485.63,2460.92,2478.49,156659.37
1788854400000,2478.49,2499.12,2468.0,2473.35,136972.73
1788868800000,2473.35,2501.5,2440.08,2497.49,317859.19
1788883200000,2497.49,2507.66,2472.78,2481.01,162550.57
1788897600000,2481.01,2490.65,2476.62,2483.98,70710.63
1788912000000,2483.98,2499.76,2483.98,2487.63,78437.48
1788926400000,2487.63,2516.18,2487.63,2509.6,164541.56
1788940800000,2509.6,2522.73,2480.8,2500.07,204130.9
1788955200000,2500.07,2520.62,2467.92,2489.13,316572.29
1788969600000,2489.13,2499.0,2461.01,2464.2,144421.9
1788984000000,2464.2,2471.8,2440.73,2466.87,180426.56
1788998400000,2466.87,2478.6,2452.58,2474.09,111998.58
1789012800000,2474.09,2483.89,2462.74,2471.45,91100.09
1789027200000,2471.45,2476.97,2457.15,2460.97,113009.12
1789041600000,2460.97,2466.84,2403.09,2440.01,437111.33
1789056000000,2440.01,2474.0,2430.54,2461.3,214821.84
1789070400000,2461.3,2467.91,2433.07,2437.05,127052.73
1789084800000,2437.05,2459.35,2436.31,2446.33,84556.9
1789099200000,2446.33,2473.29,2445.34,2466.46,98782.98
1789113600000,2466.46,2483.62,2450.81,2457.06,134356.12
1789128000000,2457.06,2670.98,2430.38,2557.51,1140656.07
1789142400000,2557.51,2583.53,2526.79,2537.97,340927.35
1789156800000,2537.97,2546.51,2504.17,2515.43,175708.28
1789171200000,2515.43,2516.81,2507.74,2512.06,62666.36
1789185600000,2512.06,2524.17,2507.0,2523.05,63091.05
1789200000000,2523.05,2536.56,2522.02,2535.21,82040.39
1789214400000,2535.21,2546.48,2528.33,2533.87,107605.8
1789228800000,2533.87,2535.89,2513.59,2517.99,84024.56
1789243200000,2517.99,2527.67,2517.98,2524.87,46838.92
1789257600000,2524.87,2526.64,2517.88,2519.82,37703.62
1789272000000,2519.82,2523.83,2507.03,2516.46,51065.06
1789286400000,2516.46,2518.49,2466.0,2480.2,208443.32
1789300800000,2480.2,2494.62,2460.65,2489.67,134460.34
1789315200000,2489.67,2514.89,2489.2,2505.0,102610.76
1789329600000,2505.0,2516.0,2468.11,2475.31,165122.12
1789344000000,2475.31,2490.77,2462.21,2485.4,85266.82
1789358400000,2512.01,2526.82,2506.65,2522.0,134229.88
1789372800000,2522.0,2534.28,2504.47,2508.31,174536.61
1789387200000,2508.31,2517.46,2486.0,2507.39,368650.13
1789401600000,2507.39,2549.25,2503.01,2538.42,245029.44
1789416000000,2538.42,2615.0,2511.51,2514.19,429011.36
1789430400000,2514.19,2518.6,2494.01,2497.6,134581.78
1789444800000,2497.6,2501.64,2468.64,2472.44,195567.26
1789459200000,2472.44,2487.06,2462.01,2475.06,171411.25
1789473600000,2475.06,2480.57,2473.55,2478.2,21169.22
